rank,id,date,type,title,url,duration_seconds,transcript_status
1,WwYZPSZEVjU,2026-09-30,archived_live,Como uma autoridade vende High Ticket todos os dias,https://www.youtube.com/watch?v=WwYZPSZEVjU,1897,blocked_supadata_quota_direct_youtube_ip
2,iyDr9i59dsc,2026-09-29,archived_live,Se diferencie no seu mercado urgentemente,https://www.youtube.com/watch?v=iyDr9i59dsc,1548,blocked_supadata_quota_direct_youtube_ip
3,KJ-IGzTS9p4,2026-09-28,archived_live,Como se tornar AUTORIDADE no seu mercado ainda em 2026,https://www.youtube.com/watch?v=KJ-IGzTS9p4,1658,blocked_supadata_quota_direct_youtube_ip
4,efuxQa4fgYM,2026-09-24,archived_live,Chega! Uma conversa sincera sobre mudanças no seu negócio,https://www.youtube.com/watch?v=efuxQa4fgYM,2105,blocked_supadata_quota_direct_youtube_ip
5,2_SCYwfwkh0,2026-09-23,archived_live,Mude seu NEGÓCIO antes que chegue 2027,https://www.youtube.com/watch?v=2_SCYwfwkh0,1940,blocked_supadata_quota_direct_youtube_ip
6,svHUQ1UqE7g,2026-09-22,archived_live,O ambiente diz tudo sobre quem você se torna,https://www.youtube.com/watch?v=svHUQ1UqE7g,1969,blocked_supadata_quota_direct_youtube_ip
7,lAEjlWxoxvw,2026-09-21,archived_live,Mudanças: como se preparar para viver o novo,https://www.youtube.com/watch?v=lAEjlWxoxvw,1929,blocked_supadata_quota_direct_youtube_ip
8,neIEnhuwFus,2026-09-17,archived_live,COMO VENDER HIGH TICKET EM UM MERCADO CONCORRIDO (AULA COMPLETA),https://www.youtube.com/watch?v=neIEnhuwFus,2273,blocked_supadata_quota_direct_youtube_ip
9,U6FkcmYk5Yw,2026-09-16,video,Um dia em Madri construindo a marca premium de uma cliente especial,https://www.youtube.com/watch?v=U6FkcmYk5Yw,553,retrieved_native
10,sZPdJGo7XO8,2026-09-15,archived_live,DOMINE a arte da COMUNICAÇÃO para vender mais,https://www.youtube.com/watch?v=sZPdJGo7XO8,1751,blocked_supadata_quota_direct_youtube_ip
11,FzQcMsO-qUc,2026-09-14,archived_live,"Inteligência vs. Riqueza: Por que pessoas competentes estagnam, enquanto outras ganham mais",https://www.youtube.com/watch?v=FzQcMsO-qUc,1756,blocked_supadata_quota_direct_youtube_ip
12,lTyN0kZl-WY,2026-09-10,archived_live,Faça seu cliente comprar mais rápido de você,https://www.youtube.com/watch?v=lTyN0kZl-WY,1626,blocked_supadata_quota_direct_youtube_ip
13,fqLN8d8J0_U,2026-09-09,archived_live,Como construir uma marca forte que as pessoas não esquecem,https://www.youtube.com/watch?v=fqLN8d8J0_U,1462,blocked_supadata_quota_direct_youtube_ip
14,MBiJWcQUGzg,2026-09-08,video,Atenção é o novo dinheiro. O que faz seu negócio crescer na internet,https://www.youtube.com/watch?v=MBiJWcQUGzg,1296,blocked_supadata_quota_direct_youtube_ip
15,z7dqc_jQWKw,2026-08-25,video,6 maneiras de se tornar inesquecível (no seu nicho) em 90 dias,https://www.youtube.com/watch?v=z7dqc_jQWKw,1484,blocked_supadata_quota_direct_youtube_ip
16,svaxt0kVV0Y,2026-08-19,archived_live,Análise de casos na prática: vendas & posicionamento,https://www.youtube.com/watch?v=svaxt0kVV0Y,2017,blocked_supadata_quota_direct_youtube_ip
17,A1fI1GbKPPA,2026-08-18,archived_live,"Se você tem medo de cobrar caro, assista até o final",https://www.youtube.com/watch?v=A1fI1GbKPPA,1973,blocked_supadata_quota_direct_youtube_ip
18,6970dgvikC4,2026-08-17,archived_live,Supere essas travas e VENDA mais todos os dias,https://www.youtube.com/watch?v=6970dgvikC4,1681,blocked_supadata_quota_direct_youtube_ip
19,9FJSFsEojHk,2026-08-16,video,5 conselhos brutalmente honestos para enriquecer agora,https://www.youtube.com/watch?v=9FJSFsEojHk,1436,blocked_supadata_quota_direct_youtube_ip
20,ny7YQy3H0Dg,2026-08-13,video,Passe a ganhar mais dinheiro fazendo essas coisas simples,https://www.youtube.com/watch?v=ny7YQy3H0Dg,1614,blocked_supadata_quota_direct_youtube_ip
21,FuXRpG2Stvg,2026-08-12,video,O problema não é ganhar pouco. É parecer barata.,https://www.youtube.com/watch?v=FuXRpG2Stvg,1284,blocked_supadata_quota_direct_youtube_ip
22,QgrFMUEe7fM,2026-08-11,video,Essa é a FORMA mais importante para construir riqueza e viver feliz,https://www.youtube.com/watch?v=QgrFMUEe7fM,1203,blocked_supadata_quota_direct_youtube_ip
23,3NWmNXaOvMU,2026-08-10,video,Os princípios para gerar RIQUEZA nos próximos anos,https://www.youtube.com/watch?v=3NWmNXaOvMU,1371,blocked_supadata_quota_direct_youtube_ip
24,u9cyAFpNX4c,2026-08-09,video,5 lições que você precisa aprender antes dos 30 anos,https://www.youtube.com/watch?v=u9cyAFpNX4c,1248,blocked_supadata_quota_direct_youtube_ip
25,0y3Pgn1gFEs,2026-08-06,archived_live,Como se tornar interessante e respeitada por todos,https://www.youtube.com/watch?v=0y3Pgn1gFEs,1994,blocked_supadata_quota_direct_youtube_ip
26,jcHiTh05f3g,2026-08-05,archived_live,Perca o medo de vender para pessoas,https://www.youtube.com/watch?v=jcHiTh05f3g,1694,blocked_supadata_quota_direct_youtube_ip
27,jZn03AsayqM,2026-08-04,archived_live,Como criar ambiência e conexões para uma empreendedora ter sucesso,https://www.youtube.com/watch?v=jZn03AsayqM,1289,blocked_supadata_quota_direct_youtube_ip
28,kSkAb7aeD1A,2026-08-03,archived_live,Como ser mais interessante em qualquer ambiente (e construir um networking poderoso),https://www.youtube.com/watch?v=kSkAb7aeD1A,1716,blocked_supadata_quota_direct_youtube_ip
29,WcnJN_sVcAA,2026-08-02,video,6 COISAS QUE VOCÊ NÃO DEVE CONTAR PARA NINGUÉM,https://www.youtube.com/watch?v=WcnJN_sVcAA,1628,blocked_supadata_quota_direct_youtube_ip
30,oDb1-dGTCac,2026-07-30,video,A arte da comunicação magnética: fale bem e seja respeitada por todos,https://www.youtube.com/watch?v=oDb1-dGTCac,1577,blocked_supadata_quota_direct_youtube_ip
31,b7wtSjtkJls,2026-07-29,video,A relação secreta entre influência e DINHEIRO que ninguém fala,https://www.youtube.com/watch?v=b7wtSjtkJls,1304,blocked_supadata_quota_direct_youtube_ip
32,0VFeNnqZZf4,2026-07-28,archived_live,O erro das mulheres que aceitam ser toleradas,https://www.youtube.com/watch?v=0VFeNnqZZf4,1313,blocked_supadata_quota_direct_youtube_ip
33,hmNfBqrZZh0,2026-07-27,archived_live,3 AÇÕES para ser tornar uma mulher AUTOCONFIANTE,https://www.youtube.com/watch?v=hmNfBqrZZh0,1650,blocked_supadata_quota_direct_youtube_ip
34,6EQTJ5ENOE4,2026-07-26,video,Aprendi 3 lições com as pessoas mais influentes do youtube,https://www.youtube.com/watch?v=6EQTJ5ENOE4,626,blocked_supadata_quota_direct_youtube_ip
35,ZnC-cgiZnm0,2026-07-23,archived_live,"3 HÁBITOS MILIONÁRIOS que ninguém te conta para ser mais feliz, saudável e próspera",https://www.youtube.com/watch?v=ZnC-cgiZnm0,1875,blocked_supadata_quota_direct_youtube_ip
36,MXZ2kRqbzqQ,2026-07-22,archived_live,Construa sua MELHOR VERSÃO para viver a vida dos seus SONHOS,https://www.youtube.com/watch?v=MXZ2kRqbzqQ,1455,blocked_supadata_quota_direct_youtube_ip
37,mAHvuskW3NE,2026-07-21,archived_live,"Se você é ambiciosa mas está perdida, por favor assista isso…",https://www.youtube.com/watch?v=mAHvuskW3NE,1931,blocked_supadata_quota_direct_youtube_ip
38,kVgMY1KvtVg,2026-07-20,archived_live,Como começar projetos de sucesso da forma certa,https://www.youtube.com/watch?v=kVgMY1KvtVg,1857,blocked_supadata_quota_direct_youtube_ip
39,iKNvrHlyU5Y,2026-07-16,archived_live,Aprenda a ser vista e a ser lembrada: a forma mais SIMPLES de ser encontrada pelo cliente certo,https://www.youtube.com/watch?v=iKNvrHlyU5Y,1649,blocked_supadata_quota_direct_youtube_ip
40,yA_jwU-_Etk,2026-07-15,archived_live,Você perde vendas por que não sabe isso.. o erro mais comum que acontece na hora de vender,https://www.youtube.com/watch?v=yA_jwU-_Etk,1896,blocked_supadata_quota_direct_youtube_ip
41,55sMSFEqsCo,2026-07-14,archived_live,A inteligência que você precisa ativar para fazer mais dinheiro e se tornar autoridade no seu nicho,https://www.youtube.com/watch?v=55sMSFEqsCo,1853,blocked_supadata_quota_direct_youtube_ip
42,JprzGdVLrm0,2026-07-13,archived_live,Como fugir do DESCONTO e atrair o cliente que paga mais caro,https://www.youtube.com/watch?v=JprzGdVLrm0,2252,blocked_supadata_quota_direct_youtube_ip
43,hy2QLcVdckw,2026-07-12,video,A nova era dos criadores de conteúdo,https://www.youtube.com/watch?v=hy2QLcVdckw,1157,blocked_supadata_quota_direct_youtube_ip
44,bZqd4T2lN1g,2026-07-09,archived_live,Sua marca é invisível? Veja como resolver isso HOJE,https://www.youtube.com/watch?v=bZqd4T2lN1g,1817,blocked_supadata_quota_direct_youtube_ip
45,W1c_wN1YEPs,2026-07-08,archived_live,Você não tem Síndrome da Impostora. A verdade que ninguém fala | Manhã Bem Clara EP. 002,https://www.youtube.com/watch?v=W1c_wN1YEPs,1738,blocked_supadata_quota_direct_youtube_ip
46,10k6yOo7-NQ,2026-07-07,video,A verdade sobre confiança e preço que ninguém te conta,https://www.youtube.com/watch?v=10k6yOo7-NQ,660,blocked_supadata_quota_direct_youtube_ip
47,lo6G7N9KE94,2026-07-07,archived_live,Comece o dia assim e sua vida nunca mais será a mesma | Manhã Bem Clara EP. 001,https://www.youtube.com/watch?v=lo6G7N9KE94,1739,blocked_supadata_quota_direct_youtube_ip
48,G7Q1e9t7R-c,2026-06-28,video,A Linguagem da Mulher de Alto Valor: os 3 padrões que revelam autoridade,https://www.youtube.com/watch?v=G7Q1e9t7R-c,733,blocked_supadata_quota_direct_youtube_ip
49,RFM95ljA-gM,2026-06-22,video,O erro que faz mulheres inteligentes serem ignoradas,https://www.youtube.com/watch?v=RFM95ljA-gM,595,blocked_supadata_quota_direct_youtube_ip
50,_ixzbSZaLi8,2026-05-08,video,Introdução ao Magnetismo - Aula 02 de Marca Pessoal e Vendas de Alto Ticket.,https://www.youtube.com/watch?v=_ixzbSZaLi8,806,blocked_supadata_quota_direct_youtube_ip
51,5DTm2FyJ-OA,2026-05-08,video,Introdução ao Magnetismo - Aula 03 de Marca Pessoal e Vendas de Alto Ticket.,https://www.youtube.com/watch?v=5DTm2FyJ-OA,804,blocked_supadata_quota_direct_youtube_ip
52,ampqi3IwHlQ,2026-05-08,video,Introdução ao Magnetismo - Aula 01 de Marca Pessoal e Vendas de Alto Ticket.,https://www.youtube.com/watch?v=ampqi3IwHlQ,706,blocked_supadata_quota_direct_youtube_ip
53,3kC_FiwwTnA,2026-04-26,video,Seja respeitada por qualquer pessoa imediatamente,https://www.youtube.com/watch?v=3kC_FiwwTnA,1248,blocked_supadata_quota_direct_youtube_ip
54,PqdRb27hc4I,2026-02-20,archived_live,Curso Completo de 3h: Como atrair os melhores clientes e cobrar 10x mais caro,https://www.youtube.com/watch?v=PqdRb27hc4I,12797,blocked_supadata_quota_direct_youtube_ip
55,5SMKxdXS9GE,2026-02-15,video,COMO SE TORNAR IRRECONHECÍVEL EM 90 DIAS,https://www.youtube.com/watch?v=5SMKxdXS9GE,1533,blocked_supadata_quota_direct_youtube_ip
56,-cuyEMkux9E,2026-02-08,video,Como ser CARISMÁTICA e deixar as pessoas viciadas em você,https://www.youtube.com/watch?v=-cuyEMkux9E,1331,blocked_supadata_quota_direct_youtube_ip
57,oaYOo652aDQ,2026-01-11,video,8 TENDÊNCIAS PARA VENDER MUITO EM 2026,https://www.youtube.com/watch?v=oaYOo652aDQ,1224,blocked_supadata_quota_direct_youtube_ip
58,RmVwHHztmGI,2025-12-26,video,OS SEGREDOS PARA SE TORNAR MILIONÁRIA EM 2026,https://www.youtube.com/watch?v=RmVwHHztmGI,994,blocked_supadata_quota_direct_youtube_ip
59,zHGH57XvWz4,2025-12-07,video,SAÍMOS DO BRASIL E CRIAMOS UMA MARCA GLOBAL NA ESPANHA,https://www.youtube.com/watch?v=zHGH57XvWz4,1206,blocked_supadata_quota_direct_youtube_ip
60,OudXBDTowBw,2025-10-20,video,Como Construir uma MARCA IRRESISTÍVEL que Atrai Clientes e Vende Todos os Dias,https://www.youtube.com/watch?v=OudXBDTowBw,1536,blocked_supadata_quota_direct_youtube_ip
61,23az8PkAYL4,2025-10-12,video,Como Faturei 30 MILHÕES do Zero com Marca Pessoal: Os 4 Recursos que Funcionaram,https://www.youtube.com/watch?v=23az8PkAYL4,1018,blocked_supadata_quota_direct_youtube_ip
62,hYrWerlRH8o,2025-08-20,archived_live,ClaraClass - O que eu faria se quisesse fazer 100 mil reais até o fim do ano,https://www.youtube.com/watch?v=hYrWerlRH8o,3947,blocked_supadata_quota_direct_youtube_ip
63,_Nbjp7X0CTA,2025-07-23,archived_live,ClaraClass - Pilares da Venda Alto Ticket,https://www.youtube.com/watch?v=_Nbjp7X0CTA,2749,blocked_supadata_quota_direct_youtube_ip
64,DSpQWY3AbpI,2025-07-18,video,Como falar e ser admirada por todos,https://www.youtube.com/watch?v=DSpQWY3AbpI,905,blocked_supadata_quota_direct_youtube_ip
65,CuS0u8RZNjY,2025-07-16,archived_live,ClaraClass - Como criar uma Marca Irresistível em 30 dias - garantido,https://www.youtube.com/watch?v=CuS0u8RZNjY,3622,blocked_supadata_quota_direct_youtube_ip
66,_SkficOqM0U,2025-07-02,archived_live,Como ser Rica & Admirada em 2025,https://www.youtube.com/watch?v=_SkficOqM0U,4870,blocked_supadata_quota_direct_youtube_ip
67,8BmR1w0iKmU,2025-06-15,archived_live,SUPERLIVE: A Nova Era da Marca Pessoal,https://www.youtube.com/watch?v=8BmR1w0iKmU,4178,blocked_supadata_quota_direct_youtube_ip
68,fo8Rzv8gVxs,2025-05-13,archived_live,Como construir um modelo de negócio premium que te permite vender alto e ter paz todos os meses,https://www.youtube.com/watch?v=fo8Rzv8gVxs,6929,blocked_supadata_quota_direct_youtube_ip
69,RYrpy3zkKN0,2025-04-25,archived_live,Live de Aquecimento - Análise de Posicionamento & Vendas - 25/04 | 12:12,https://www.youtube.com/watch?v=RYrpy3zkKN0,4804,blocked_supadata_quota_direct_youtube_ip
70,ynIJspvhb94,2025-04-25,archived_live,Live de Aquecimento - Análise de Posicionamento & Vendas - 24/04 - 20:20,https://www.youtube.com/watch?v=ynIJspvhb94,2862,blocked_supadata_quota_direct_youtube_ip
71,ps9q8bzcX1Y,2025-04-22,archived_live,Live de Aquecimento - Análise de Posicionamento & Vendas - 22/04 | 12:12,https://www.youtube.com/watch?v=ps9q8bzcX1Y,3793,blocked_supadata_quota_direct_youtube_ip
72,DoH97Ho2RWY,2025-04-21,archived_live,Live de Aquecimento - Análise de Posicionamento & Vendas - 21/04 | 12:12,https://www.youtube.com/watch?v=DoH97Ho2RWY,3838,blocked_supadata_quota_direct_youtube_ip
73,iKMw966NJlc,2025-04-17,archived_live,Live de Aquecimento - Análise de Posicionamento & Vendas - 17/02 | 12:12,https://www.youtube.com/watch?v=iKMw966NJlc,3413,blocked_supadata_quota_direct_youtube_ip
74,BgKCKNCpVDo,2025-04-16,archived_live,Live de Aquecimento - Análise de Posicionamento & Vendas -12:12,https://www.youtube.com/watch?v=BgKCKNCpVDo,3655,blocked_supadata_quota_direct_youtube_ip
75,BMlRyt_Xe1k,2025-04-15,archived_live,Estudo de Caso: empresária mudou a vida dela depois que começou a cobrar mais alto,https://www.youtube.com/watch?v=BMlRyt_Xe1k,3084,blocked_supadata_quota_direct_youtube_ip
76,dWKuaD31Uds,2025-04-09,archived_live,ClaraClass: Análise de Posicionamento de Marca,https://www.youtube.com/watch?v=dWKuaD31Uds,4235,blocked_supadata_quota_direct_youtube_ip
77,tWfYlsXA1i4,2025-03-17,video,Meu conselho honesto para mulheres que querem a liberdade financeira,https://www.youtube.com/watch?v=tWfYlsXA1i4,1409,blocked_supadata_quota_direct_youtube_ip
78,8CjihwaYuUM,2025-03-09,video,Eu Aprendi os 5 Hábitos dos Milionários e Minha Vida Mudou,https://www.youtube.com/watch?v=8CjihwaYuUM,1696,blocked_supadata_quota_direct_youtube_ip
79,7iclFogH8Y8,2025-02-16,video,Como Fazer R$ 1 Milhão: o que separa quem chega lá de quem fica na média,https://www.youtube.com/watch?v=7iclFogH8Y8,1751,blocked_supadata_quota_direct_youtube_ip
80,7Xj6jiDNHM8,2025-02-15,archived_live,Construa sua Marca Pessoal em Qualquer Nicho | Live Diária,https://www.youtube.com/watch?v=7Xj6jiDNHM8,2741,blocked_supadata_quota_direct_youtube_ip
81,zO6WYQKBqOA,2025-02-12,archived_live,Isso te faz perder vendas todo dia (sem saber) | Live Diária,https://www.youtube.com/watch?v=zO6WYQKBqOA,1907,blocked_supadata_quota_direct_youtube_ip
82,NicoBYjgPi0,2025-02-12,archived_live,Por que BELEZA encanta e vende mais | Live Diária,https://www.youtube.com/watch?v=NicoBYjgPi0,1611,blocked_supadata_quota_direct_youtube_ip
83,8qvj0MOdofs,2025-02-11,archived_live,Marcas magnéticas vendem mais porque fazem isso diferente,https://www.youtube.com/watch?v=8qvj0MOdofs,1744,blocked_supadata_quota_direct_youtube_ip
84,yvIx-zepAQU,2025-02-06,archived_live,A verdade sobre autossabotagem que ninguém fala | Live Diária,https://www.youtube.com/watch?v=yvIx-zepAQU,1195,blocked_supadata_quota_direct_youtube_ip
85,gR0ZSC9TmPg,2025-02-04,archived_live,Como escolher amizades que vão te levar longe | Live Diária,https://www.youtube.com/watch?v=gR0ZSC9TmPg,1705,blocked_supadata_quota_direct_youtube_ip
86,Wy1l4ktOi4I,2025-02-03,archived_live,Quanto você deveria estar cobrando? | Live Diária,https://www.youtube.com/watch?v=Wy1l4ktOi4I,1391,blocked_supadata_quota_direct_youtube_ip
87,OmzUWkc0B7E,2025-02-01,archived_live,Como atingir suas METAS | Live Diária,https://www.youtube.com/watch?v=OmzUWkc0B7E,1587,blocked_supadata_quota_direct_youtube_ip
88,3JN-W9gmNFk,2025-01-31,archived_live,"Fale bem, venda mais: suas dúvidas respondidas ao vivo",https://www.youtube.com/watch?v=3JN-W9gmNFk,2005,blocked_supadata_quota_direct_youtube_ip
89,AUOExWeGv1M,2025-01-29,archived_live,Nunca me sinto PRONTA. E agora? (papo sobre AUTOCONFIANÇA e EXECUÇÃO) | Live Diária | CLARA DO VALE,https://www.youtube.com/watch?v=AUOExWeGv1M,1620,blocked_supadata_quota_direct_youtube_ip
90,VZHjOon2PQs,2025-01-29,archived_live,Como tirar IDEIAS do papel (e transformá-las em negócios e dinheiro) | Live Diária | CLARA DO VALE,https://www.youtube.com/watch?v=VZHjOon2PQs,1668,blocked_supadata_quota_direct_youtube_ip
91,hVACECvB9uQ,2025-01-28,video,8 Lições que toda MULHER precisa aprender para ser feliz,https://www.youtube.com/watch?v=hVACECvB9uQ,1598,blocked_supadata_quota_direct_youtube_ip
92,K4ezKdoK6iI,2025-01-28,archived_live,Timidez e medo da rejeição: como não se abalar,https://www.youtube.com/watch?v=K4ezKdoK6iI,1376,blocked_supadata_quota_direct_youtube_ip
93,dPrZy-tZZKw,2025-01-24,archived_live,Os 5 passos para qualquer mulher VENDER bem | Live Diária | CLARA DO VALE,https://www.youtube.com/watch?v=dPrZy-tZZKw,1581,blocked_supadata_quota_direct_youtube_ip
94,oUvEAaqVAY8,2025-01-23,archived_live,Marca Pessoal: o ativo que faz milionárias,https://www.youtube.com/watch?v=oUvEAaqVAY8,1441,blocked_supadata_quota_direct_youtube_ip
95,14wlS9A55Z4,2025-01-23,archived_live,A verdade sobre timidez que ninguém fala,https://www.youtube.com/watch?v=14wlS9A55Z4,1295,blocked_supadata_quota_direct_youtube_ip
96,2S_UnwP13QI,2025-01-21,archived_live,Por que mulheres com autoestima forte realizam mais?,https://www.youtube.com/watch?v=2S_UnwP13QI,1136,blocked_supadata_quota_direct_youtube_ip
97,jMzXLcgC7hY,2025-01-20,archived_live,Como RECOMEÇAR bem? (energia de começo x energia de velocidade) | Live Diária | CLARA DO VALE,https://www.youtube.com/watch?v=jMzXLcgC7hY,1085,blocked_supadata_quota_direct_youtube_ip
98,_dXsC_dObHk,2024-10-06,video,Pare de esperar pelos outros e comece a agir,https://www.youtube.com/watch?v=_dXsC_dObHk,592,blocked_supadata_quota_direct_youtube_ip
99,tbuDA_fkpZ0,2024-09-22,video,Manifesto | Quanto poder você gostaria de ter para mudar a sua realidade?,https://www.youtube.com/watch?v=tbuDA_fkpZ0,197,blocked_supadata_quota_direct_youtube_ip
100,ZN4tIiAlN6E,2024-09-01,video,Você só vai parar de procrastinar quando entender isso,https://www.youtube.com/watch?v=ZN4tIiAlN6E,1043,blocked_supadata_quota_direct_youtube_ip
