rank,video_id,source_title,source_url,source_date,proposed_cluster,proposed_search_intent,proposed_article_angle,priority,transcript_status,article_status,consolidation_note
1,WwYZPSZEVjU,Como uma autoridade vende High Ticket todos os dias,https://www.youtube.com/watch?v=WwYZPSZEVjU,2026-09-30,Vendas premium,Informacional: autoridade em vendas high ticket,PROPOSTA (metadados): Autoridade em vendas premium: o que validar antes de estruturar uma abordagem comercial,P1,blocked_supadata_quota_direct_youtube_ip,not_written_blocked_transcript,"PROPOSTA baseada apenas em metadados; não representa análise do vídeo nem palavra-chave validada por métricas. Família editorial proposta: venda-autoridade. Sem par direto nesta família preliminar; comparar com o cluster e o acervo WordPress antes de abrir uma URL. Fonte publicada em 2026-09-30: contexto histórico; não usar a data do vídeo como data de publicação do futuro artigo. Auditar números, prazos, renda e absolutos do título original; não perpetuar promessa no SEO. Quantidade de lições só após conferir; valores de cases exigem prova, período e atribuição, sem generalizar. Título trata de venda high ticket, mas a descrição lista ambiente e relações; divergência de metadados exige transcrição antes de confirmar cluster/ângulo."
2,iyDr9i59dsc,Se diferencie no seu mercado urgentemente,https://www.youtube.com/watch?v=iyDr9i59dsc,2026-09-29,Posicionamento e marca pessoal,Informacional: diferenciação de marca pessoal,PROPOSTA (metadados): Diferenciação de marca pessoal para mulheres empreendedoras,P1,blocked_supadata_quota_direct_youtube_ip,not_written_blocked_transcript,PROPOSTA baseada apenas em metadados; não representa análise do vídeo nem palavra-chave validada por métricas. Família editorial proposta: diferenciacao. Comparar após transcrição com IDs 7Xj6jiDNHM8; consolidar se a intenção e a contribuição se repetirem; separar somente com diferença substantiva comprovada. Fonte publicada em 2026-09-29: contexto histórico; não usar a data do vídeo como data de publicação do futuro artigo.
3,KJ-IGzTS9p4,Como se tornar AUTORIDADE no seu mercado ainda em 2026,https://www.youtube.com/watch?v=KJ-IGzTS9p4,2026-09-28,Comunicação e autoridade,Informacional: construir autoridade no nicho,PROPOSTA (metadados): Construção de autoridade no nicho: uma pauta para empreendedoras,P1,blocked_supadata_quota_direct_youtube_ip,not_written_blocked_transcript,"PROPOSTA baseada apenas em metadados; não representa análise do vídeo nem palavra-chave validada por métricas. Família editorial proposta: autoridade. Comparar após transcrição com IDs 55sMSFEqsCo; consolidar se a intenção e a contribuição se repetirem; separar somente com diferença substantiva comprovada. Fonte publicada em 2026-09-28: contexto histórico; não usar a data do vídeo como data de publicação do futuro artigo. Ano explícito no título original: manter como contexto histórico; não trocar pelo ano atual nem reciclar previsão como fato sem revisão e evidência. Auditar números, prazos, renda e absolutos do título original; não perpetuar promessa no SEO. Quantidade de lições só após conferir; valores de cases exigem prova, período e atribuição, sem generalizar."
4,efuxQa4fgYM,Chega! Uma conversa sincera sobre mudanças no seu negócio,https://www.youtube.com/watch?v=efuxQa4fgYM,2026-09-24,Autoconfiança e execução,Informacional: mudanças no negócio,PROPOSTA (metadados): Mudanças no negócio: perguntas para uma revisão de direção,P2,blocked_supadata_quota_direct_youtube_ip,not_written_blocked_transcript,"PROPOSTA baseada apenas em metadados; não representa análise do vídeo nem palavra-chave validada por métricas. Família editorial proposta: mudanca. Comparar após transcrição com IDs 2_SCYwfwkh0, lAEjlWxoxvw, 5SMKxdXS9GE, jMzXLcgC7hY; consolidar se a intenção e a contribuição se repetirem; separar somente com diferença substantiva comprovada. Fonte publicada em 2026-09-24: contexto histórico; não usar a data do vídeo como data de publicação do futuro artigo."
5,2_SCYwfwkh0,Mude seu NEGÓCIO antes que chegue 2027,https://www.youtube.com/watch?v=2_SCYwfwkh0,2026-09-23,Autoconfiança e execução,Informacional: planejamento de mudanças no negócio,PROPOSTA (metadados): Como organizar uma revisão do negócio sem depender da virada do ano,P2,blocked_supadata_quota_direct_youtube_ip,not_written_blocked_transcript,"PROPOSTA baseada apenas em metadados; não representa análise do vídeo nem palavra-chave validada por métricas. Família editorial proposta: mudanca. Comparar após transcrição com IDs efuxQa4fgYM, lAEjlWxoxvw, 5SMKxdXS9GE, jMzXLcgC7hY; consolidar se a intenção e a contribuição se repetirem; separar somente com diferença substantiva comprovada. Fonte publicada em 2026-09-23: contexto histórico; não usar a data do vídeo como data de publicação do futuro artigo. Ano explícito no título original: manter como contexto histórico; não trocar pelo ano atual nem reciclar previsão como fato sem revisão e evidência. Auditar números, prazos, renda e absolutos do título original; não perpetuar promessa no SEO. Quantidade de lições só após conferir; valores de cases exigem prova, período e atribuição, sem generalizar."
6,svHUQ1UqE7g,O ambiente diz tudo sobre quem você se torna,https://www.youtube.com/watch?v=svHUQ1UqE7g,2026-09-22,Ambiência e networking,Informacional: influência do ambiente na trajetória profissional,PROPOSTA (metadados): Como avaliar os ambientes que cercam a empreendedora,P2,blocked_supadata_quota_direct_youtube_ip,not_written_blocked_transcript,PROPOSTA baseada apenas em metadados; não representa análise do vídeo nem palavra-chave validada por métricas. Família editorial proposta: ambiencia. Comparar após transcrição com IDs jZn03AsayqM; consolidar se a intenção e a contribuição se repetirem; separar somente com diferença substantiva comprovada. Fonte publicada em 2026-09-22: contexto histórico; não usar a data do vídeo como data de publicação do futuro artigo.
7,lAEjlWxoxvw,Mudanças: como se preparar para viver o novo,https://www.youtube.com/watch?v=lAEjlWxoxvw,2026-09-21,Autoconfiança e execução,Informacional: preparação para mudanças profissionais,PROPOSTA (metadados): Preparação para mudanças: prioridades antes de um novo ciclo,P2,blocked_supadata_quota_direct_youtube_ip,not_written_blocked_transcript,"PROPOSTA baseada apenas em metadados; não representa análise do vídeo nem palavra-chave validada por métricas. Família editorial proposta: mudanca. Comparar após transcrição com IDs efuxQa4fgYM, 2_SCYwfwkh0, 5SMKxdXS9GE, jMzXLcgC7hY; consolidar se a intenção e a contribuição se repetirem; separar somente com diferença substantiva comprovada. Fonte publicada em 2026-09-21: contexto histórico; não usar a data do vídeo como data de publicação do futuro artigo."
8,neIEnhuwFus,COMO VENDER HIGH TICKET EM UM MERCADO CONCORRIDO (AULA COMPLETA),https://www.youtube.com/watch?v=neIEnhuwFus,2026-09-17,Vendas premium,Informacional: vendas high ticket em mercados concorridos,PROPOSTA (metadados): Vendas premium em mercados concorridos: questões para revisar a estratégia,P1,blocked_supadata_quota_direct_youtube_ip,not_written_blocked_transcript,"PROPOSTA baseada apenas em metadados; não representa análise do vídeo nem palavra-chave validada por métricas. Família editorial proposta: venda-premium. Comparar após transcrição com IDs PqdRb27hc4I, _Nbjp7X0CTA, dPrZy-tZZKw; consolidar se a intenção e a contribuição se repetirem; separar somente com diferença substantiva comprovada. Fonte publicada em 2026-09-17: contexto histórico; não usar a data do vídeo como data de publicação do futuro artigo."
9,U6FkcmYk5Yw,Um dia em Madri construindo a marca premium de uma cliente especial,https://www.youtube.com/watch?v=U6FkcmYk5Yw,2026-09-16,Bastidores e casos,Informacional: bastidores da construção de marca premium,PROPOSTA (metadados): Bastidores em Madri: decisões na construção de uma marca premium,P0,retrieved_native,draft_existing_pending_human_review_not_published,"PROPOSTA baseada apenas em metadados; não representa análise do vídeo nem palavra-chave validada por métricas. Família editorial proposta: caso-madri. Sem par direto nesta família preliminar; comparar com o cluster e o acervo WordPress antes de abrir uma URL. Fonte publicada em 2026-09-16: contexto histórico; não usar a data do vídeo como data de publicação do futuro artigo. Já existe articles/U6FkcmYk5Yw.json com evidências de transcrição; manter rascunho e revisar. O ângulo desta planilha continua sendo proposta de metadados, não substitui o título existente nem aprova o artigo."
10,sZPdJGo7XO8,DOMINE a arte da COMUNICAÇÃO para vender mais,https://www.youtube.com/watch?v=sZPdJGo7XO8,2026-09-15,Comunicação e autoridade,Informacional: comunicação na venda,PROPOSTA (metadados): Comunicação na venda: como investigar a clareza da mensagem,P1,blocked_supadata_quota_direct_youtube_ip,not_written_blocked_transcript,PROPOSTA baseada apenas em metadados; não representa análise do vídeo nem palavra-chave validada por métricas. Família editorial proposta: comunicacao-venda. Comparar após transcrição com IDs 3JN-W9gmNFk; consolidar se a intenção e a contribuição se repetirem; separar somente com diferença substantiva comprovada. Fonte publicada em 2026-09-15: contexto histórico; não usar a data do vídeo como data de publicação do futuro artigo.
11,FzQcMsO-qUc,"Inteligência vs. Riqueza: Por que pessoas competentes estagnam, enquanto outras ganham mais",https://www.youtube.com/watch?v=FzQcMsO-qUc,2026-09-14,Autoconfiança e execução,Informacional: estagnação profissional de empreendedoras,PROPOSTA (metadados): Competência e estagnação: perguntas para revisar a trajetória profissional,P2,blocked_supadata_quota_direct_youtube_ip,not_written_blocked_transcript,"PROPOSTA baseada apenas em metadados; não representa análise do vídeo nem palavra-chave validada por métricas. Família editorial proposta: ambicao. Comparar após transcrição com IDs 9FJSFsEojHk, ny7YQy3H0Dg, QgrFMUEe7fM, 3NWmNXaOvMU, MXZ2kRqbzqQ, mAHvuskW3NE, RmVwHHztmGI, _SkficOqM0U, tWfYlsXA1i4, 7iclFogH8Y8; consolidar se a intenção e a contribuição se repetirem; separar somente com diferença substantiva comprovada. Fonte publicada em 2026-09-14: contexto histórico; não usar a data do vídeo como data de publicação do futuro artigo. Auditar números, prazos, renda e absolutos do título original; não perpetuar promessa no SEO. Quantidade de lições só após conferir; valores de cases exigem prova, período e atribuição, sem generalizar."
12,lTyN0kZl-WY,Faça seu cliente comprar mais rápido de você,https://www.youtube.com/watch?v=lTyN0kZl-WY,2026-09-10,Vendas premium,Informacional: decisão de compra em ofertas premium,PROPOSTA (metadados): Decisão de compra em ofertas premium: como investigar pontos de atrito,P1,blocked_supadata_quota_direct_youtube_ip,not_written_blocked_transcript,PROPOSTA baseada apenas em metadados; não representa análise do vídeo nem palavra-chave validada por métricas. Família editorial proposta: decisao-compra. Sem par direto nesta família preliminar; comparar com o cluster e o acervo WordPress antes de abrir uma URL. Fonte publicada em 2026-09-10: contexto histórico; não usar a data do vídeo como data de publicação do futuro artigo.
13,fqLN8d8J0_U,Como construir uma marca forte que as pessoas não esquecem,https://www.youtube.com/watch?v=fqLN8d8J0_U,2026-09-09,Posicionamento e marca pessoal,Informacional: construir marca memorável,PROPOSTA (metadados): Marca memorável: como planejar uma presença reconhecível,P1,blocked_supadata_quota_direct_youtube_ip,not_written_blocked_transcript,"PROPOSTA baseada apenas em metadados; não representa análise do vídeo nem palavra-chave validada por métricas. Família editorial proposta: marca-memoravel. Comparar após transcrição com IDs z7dqc_jQWKw, OudXBDTowBw, CuS0u8RZNjY, oUvEAaqVAY8; consolidar se a intenção e a contribuição se repetirem; separar somente com diferença substantiva comprovada. Fonte publicada em 2026-09-09: contexto histórico; não usar a data do vídeo como data de publicação do futuro artigo."
14,MBiJWcQUGzg,Atenção é o novo dinheiro. O que faz seu negócio crescer na internet,https://www.youtube.com/watch?v=MBiJWcQUGzg,2026-09-08,Posicionamento e marca pessoal,Informacional: atenção e crescimento da marca na internet,PROPOSTA (metadados): Atenção na internet: como relacionar visibilidade e estratégia de marca,P1,blocked_supadata_quota_direct_youtube_ip,not_written_blocked_transcript,"PROPOSTA baseada apenas em metadados; não representa análise do vídeo nem palavra-chave validada por métricas. Família editorial proposta: visibilidade. Comparar após transcrição com IDs iKNvrHlyU5Y, bZqd4T2lN1g; consolidar se a intenção e a contribuição se repetirem; separar somente com diferença substantiva comprovada. Fonte publicada em 2026-09-08: contexto histórico; não usar a data do vídeo como data de publicação do futuro artigo. Auditar números, prazos, renda e absolutos do título original; não perpetuar promessa no SEO. Quantidade de lições só após conferir; valores de cases exigem prova, período e atribuição, sem generalizar."
15,z7dqc_jQWKw,6 maneiras de se tornar inesquecível (no seu nicho) em 90 dias,https://www.youtube.com/watch?v=z7dqc_jQWKw,2026-08-25,Posicionamento e marca pessoal,Informacional: lembrança de marca no nicho,PROPOSTA (metadados): Lembrança de marca no nicho: uma pauta sobre reconhecimento,P2,blocked_supadata_quota_direct_youtube_ip,not_written_blocked_transcript,"PROPOSTA baseada apenas em metadados; não representa análise do vídeo nem palavra-chave validada por métricas. Família editorial proposta: marca-memoravel. Comparar após transcrição com IDs fqLN8d8J0_U, OudXBDTowBw, CuS0u8RZNjY, oUvEAaqVAY8; consolidar se a intenção e a contribuição se repetirem; separar somente com diferença substantiva comprovada. Fonte publicada em 2026-08-25: contexto histórico; não usar a data do vídeo como data de publicação do futuro artigo. Auditar números, prazos, renda e absolutos do título original; não perpetuar promessa no SEO. Quantidade de lições só após conferir; valores de cases exigem prova, período e atribuição, sem generalizar."
16,svaxt0kVV0Y,Análise de casos na prática: vendas & posicionamento,https://www.youtube.com/watch?v=svaxt0kVV0Y,2026-08-19,Bastidores e casos,Informacional: exemplos de posicionamento e vendas,PROPOSTA (metadados): Análises de posicionamento e vendas: critérios para um estudo de casos,P2,blocked_supadata_quota_direct_youtube_ip,not_written_blocked_transcript,PROPOSTA baseada apenas em metadados; não representa análise do vídeo nem palavra-chave validada por métricas. Família editorial proposta: analises-posicionamento. Comparar após transcrição com IDs dWKuaD31Uds; consolidar se a intenção e a contribuição se repetirem; separar somente com diferença substantiva comprovada. Fonte publicada em 2026-08-19: contexto histórico; não usar a data do vídeo como data de publicação do futuro artigo.
17,A1fI1GbKPPA,"Se você tem medo de cobrar caro, assista até o final",https://www.youtube.com/watch?v=A1fI1GbKPPA,2026-08-18,Vendas premium,Informacional: insegurança ao apresentar investimento premium,PROPOSTA (metadados): Medo de apresentar o investimento: uma pauta para empreendedoras,P1,blocked_supadata_quota_direct_youtube_ip,not_written_blocked_transcript,"PROPOSTA baseada apenas em metadados; não representa análise do vídeo nem palavra-chave validada por métricas. Família editorial proposta: investimento-confianca. Comparar após transcrição com IDs 10k6yOo7-NQ, Wy1l4ktOi4I; consolidar se a intenção e a contribuição se repetirem; separar somente com diferença substantiva comprovada. Fonte publicada em 2026-08-18: contexto histórico; não usar a data do vídeo como data de publicação do futuro artigo."
18,6970dgvikC4,Supere essas travas e VENDA mais todos os dias,https://www.youtube.com/watch?v=6970dgvikC4,2026-08-17,Vendas premium,Informacional: insegurança em vendas,PROPOSTA (metadados): Insegurança em vendas: perguntas para identificar barreiras comerciais,P2,blocked_supadata_quota_direct_youtube_ip,not_written_blocked_transcript,"PROPOSTA baseada apenas em metadados; não representa análise do vídeo nem palavra-chave validada por métricas. Família editorial proposta: medo-vender. Comparar após transcrição com IDs jcHiTh05f3g; consolidar se a intenção e a contribuição se repetirem; separar somente com diferença substantiva comprovada. Fonte publicada em 2026-08-17: contexto histórico; não usar a data do vídeo como data de publicação do futuro artigo. Auditar números, prazos, renda e absolutos do título original; não perpetuar promessa no SEO. Quantidade de lições só após conferir; valores de cases exigem prova, período e atribuição, sem generalizar."
19,9FJSFsEojHk,5 conselhos brutalmente honestos para enriquecer agora,https://www.youtube.com/watch?v=9FJSFsEojHk,2026-08-16,Autoconfiança e execução,Informacional: decisões profissionais e ambição financeira,PROPOSTA (metadados): Ambição financeira: reflexões para a trajetória de uma empreendedora,P3,blocked_supadata_quota_direct_youtube_ip,not_written_blocked_transcript,"PROPOSTA baseada apenas em metadados; não representa análise do vídeo nem palavra-chave validada por métricas. Família editorial proposta: ambicao. Comparar após transcrição com IDs FzQcMsO-qUc, ny7YQy3H0Dg, QgrFMUEe7fM, 3NWmNXaOvMU, MXZ2kRqbzqQ, mAHvuskW3NE, RmVwHHztmGI, _SkficOqM0U, tWfYlsXA1i4, 7iclFogH8Y8; consolidar se a intenção e a contribuição se repetirem; separar somente com diferença substantiva comprovada. Fonte publicada em 2026-08-16: contexto histórico; não usar a data do vídeo como data de publicação do futuro artigo. Auditar números, prazos, renda e absolutos do título original; não perpetuar promessa no SEO. Quantidade de lições só após conferir; valores de cases exigem prova, período e atribuição, sem generalizar. Aderência ao ICP condicionada: só desenvolver com aplicação verificável à mulher empreendedora; se genérico, usar como apoio de guia ou acervo institucional, sem página SEO isolada."
20,ny7YQy3H0Dg,Passe a ganhar mais dinheiro fazendo essas coisas simples,https://www.youtube.com/watch?v=ny7YQy3H0Dg,2026-08-13,Autoconfiança e execução,Informacional: decisões de negócio e crescimento financeiro,PROPOSTA (metadados): Decisões cotidianas do negócio: uma pauta sem promessa de renda,P3,blocked_supadata_quota_direct_youtube_ip,not_written_blocked_transcript,"PROPOSTA baseada apenas em metadados; não representa análise do vídeo nem palavra-chave validada por métricas. Família editorial proposta: ambicao. Comparar após transcrição com IDs FzQcMsO-qUc, 9FJSFsEojHk, QgrFMUEe7fM, 3NWmNXaOvMU, MXZ2kRqbzqQ, mAHvuskW3NE, RmVwHHztmGI, _SkficOqM0U, tWfYlsXA1i4, 7iclFogH8Y8; consolidar se a intenção e a contribuição se repetirem; separar somente com diferença substantiva comprovada. Fonte publicada em 2026-08-13: contexto histórico; não usar a data do vídeo como data de publicação do futuro artigo. Auditar números, prazos, renda e absolutos do título original; não perpetuar promessa no SEO. Quantidade de lições só após conferir; valores de cases exigem prova, período e atribuição, sem generalizar. Aderência ao ICP condicionada: só desenvolver com aplicação verificável à mulher empreendedora; se genérico, usar como apoio de guia ou acervo institucional, sem página SEO isolada."
21,FuXRpG2Stvg,O problema não é ganhar pouco. É parecer barata.,https://www.youtube.com/watch?v=FuXRpG2Stvg,2026-08-12,Posicionamento e marca pessoal,Informacional: percepção de valor da marca,PROPOSTA (metadados): Percepção de valor: quando a imagem não acompanha a entrega,P1,blocked_supadata_quota_direct_youtube_ip,not_written_blocked_transcript,"PROPOSTA baseada apenas em metadados; não representa análise do vídeo nem palavra-chave validada por métricas. Família editorial proposta: percepcao-valor. Comparar após transcrição com IDs NicoBYjgPi0; consolidar se a intenção e a contribuição se repetirem; separar somente com diferença substantiva comprovada. Fonte publicada em 2026-08-12: contexto histórico; não usar a data do vídeo como data de publicação do futuro artigo. Auditar números, prazos, renda e absolutos do título original; não perpetuar promessa no SEO. Quantidade de lições só após conferir; valores de cases exigem prova, período e atribuição, sem generalizar."
22,QgrFMUEe7fM,Essa é a FORMA mais importante para construir riqueza e viver feliz,https://www.youtube.com/watch?v=QgrFMUEe7fM,2026-08-11,Autoconfiança e execução,Informacional: ambição e realização pessoal,PROPOSTA (metadados): Ambição e realização pessoal na trajetória empreendedora,P3,blocked_supadata_quota_direct_youtube_ip,not_written_blocked_transcript,"PROPOSTA baseada apenas em metadados; não representa análise do vídeo nem palavra-chave validada por métricas. Família editorial proposta: ambicao. Comparar após transcrição com IDs FzQcMsO-qUc, 9FJSFsEojHk, ny7YQy3H0Dg, 3NWmNXaOvMU, MXZ2kRqbzqQ, mAHvuskW3NE, RmVwHHztmGI, _SkficOqM0U, tWfYlsXA1i4, 7iclFogH8Y8; consolidar se a intenção e a contribuição se repetirem; separar somente com diferença substantiva comprovada. Fonte publicada em 2026-08-11: contexto histórico; não usar a data do vídeo como data de publicação do futuro artigo. Auditar números, prazos, renda e absolutos do título original; não perpetuar promessa no SEO. Quantidade de lições só após conferir; valores de cases exigem prova, período e atribuição, sem generalizar. Aderência ao ICP condicionada: só desenvolver com aplicação verificável à mulher empreendedora; se genérico, usar como apoio de guia ou acervo institucional, sem página SEO isolada."
23,3NWmNXaOvMU,Os princípios para gerar RIQUEZA nos próximos anos,https://www.youtube.com/watch?v=3NWmNXaOvMU,2026-08-10,Autoconfiança e execução,Informacional: visão de longo prazo para empreendedoras,PROPOSTA (metadados): Visão de longo prazo: prioridades para a trajetória empreendedora,P3,blocked_supadata_quota_direct_youtube_ip,not_written_blocked_transcript,"PROPOSTA baseada apenas em metadados; não representa análise do vídeo nem palavra-chave validada por métricas. Família editorial proposta: ambicao. Comparar após transcrição com IDs FzQcMsO-qUc, 9FJSFsEojHk, ny7YQy3H0Dg, QgrFMUEe7fM, MXZ2kRqbzqQ, mAHvuskW3NE, RmVwHHztmGI, _SkficOqM0U, tWfYlsXA1i4, 7iclFogH8Y8; consolidar se a intenção e a contribuição se repetirem; separar somente com diferença substantiva comprovada. Fonte publicada em 2026-08-10: contexto histórico; não usar a data do vídeo como data de publicação do futuro artigo. Auditar números, prazos, renda e absolutos do título original; não perpetuar promessa no SEO. Quantidade de lições só após conferir; valores de cases exigem prova, período e atribuição, sem generalizar. Aderência ao ICP condicionada: só desenvolver com aplicação verificável à mulher empreendedora; se genérico, usar como apoio de guia ou acervo institucional, sem página SEO isolada."
24,u9cyAFpNX4c,5 lições que você precisa aprender antes dos 30 anos,https://www.youtube.com/watch?v=u9cyAFpNX4c,2026-08-09,Autoconfiança e execução,Informacional: aprendizados de carreira para mulheres,PROPOSTA (metadados): Aprendizados de carreira para mulheres: revisar sem impor uma idade-limite,P3,blocked_supadata_quota_direct_youtube_ip,not_written_blocked_transcript,"PROPOSTA baseada apenas em metadados; não representa análise do vídeo nem palavra-chave validada por métricas. Família editorial proposta: aprendizados. Comparar após transcrição com IDs hVACECvB9uQ; consolidar se a intenção e a contribuição se repetirem; separar somente com diferença substantiva comprovada. Fonte publicada em 2026-08-09: contexto histórico; não usar a data do vídeo como data de publicação do futuro artigo. Auditar números, prazos, renda e absolutos do título original; não perpetuar promessa no SEO. Quantidade de lições só após conferir; valores de cases exigem prova, período e atribuição, sem generalizar. Aderência ao ICP condicionada: só desenvolver com aplicação verificável à mulher empreendedora; se genérico, usar como apoio de guia ou acervo institucional, sem página SEO isolada."
25,0y3Pgn1gFEs,Como se tornar interessante e respeitada por todos,https://www.youtube.com/watch?v=0y3Pgn1gFEs,2026-08-06,Comunicação e autoridade,Informacional: presença e respeito profissional,PROPOSTA (metadados): Presença profissional: como formular uma comunicação respeitada,P2,blocked_supadata_quota_direct_youtube_ip,not_written_blocked_transcript,"PROPOSTA baseada apenas em metadados; não representa análise do vídeo nem palavra-chave validada por métricas. Família editorial proposta: presenca. Comparar após transcrição com IDs RFM95ljA-gM, 3kC_FiwwTnA; consolidar se a intenção e a contribuição se repetirem; separar somente com diferença substantiva comprovada. Fonte publicada em 2026-08-06: contexto histórico; não usar a data do vídeo como data de publicação do futuro artigo. Auditar números, prazos, renda e absolutos do título original; não perpetuar promessa no SEO. Quantidade de lições só após conferir; valores de cases exigem prova, período e atribuição, sem generalizar."
26,jcHiTh05f3g,Perca o medo de vender para pessoas,https://www.youtube.com/watch?v=jcHiTh05f3g,2026-08-05,Vendas premium,Informacional: medo de vender,PROPOSTA (metadados): Medo de vender: como organizar uma pauta sobre segurança comercial,P2,blocked_supadata_quota_direct_youtube_ip,not_written_blocked_transcript,PROPOSTA baseada apenas em metadados; não representa análise do vídeo nem palavra-chave validada por métricas. Família editorial proposta: medo-vender. Comparar após transcrição com IDs 6970dgvikC4; consolidar se a intenção e a contribuição se repetirem; separar somente com diferença substantiva comprovada. Fonte publicada em 2026-08-05: contexto histórico; não usar a data do vídeo como data de publicação do futuro artigo.
27,jZn03AsayqM,Como criar ambiência e conexões para uma empreendedora ter sucesso,https://www.youtube.com/watch?v=jZn03AsayqM,2026-08-04,Ambiência e networking,Informacional: ambiência e conexões para empreendedoras,PROPOSTA (metadados): Ambiência e conexões: como pensar a rede de uma empreendedora,P1,blocked_supadata_quota_direct_youtube_ip,not_written_blocked_transcript,PROPOSTA baseada apenas em metadados; não representa análise do vídeo nem palavra-chave validada por métricas. Família editorial proposta: ambiencia. Comparar após transcrição com IDs svHUQ1UqE7g; consolidar se a intenção e a contribuição se repetirem; separar somente com diferença substantiva comprovada. Fonte publicada em 2026-08-04: contexto histórico; não usar a data do vídeo como data de publicação do futuro artigo.
28,kSkAb7aeD1A,Como ser mais interessante em qualquer ambiente (e construir um networking poderoso),https://www.youtube.com/watch?v=kSkAb7aeD1A,2026-08-03,Ambiência e networking,Informacional: networking para empreendedoras,PROPOSTA (metadados): Networking para empreendedoras: presença e relações profissionais,P1,blocked_supadata_quota_direct_youtube_ip,not_written_blocked_transcript,PROPOSTA baseada apenas em metadados; não representa análise do vídeo nem palavra-chave validada por métricas. Família editorial proposta: networking. Comparar após transcrição com IDs gR0ZSC9TmPg; consolidar se a intenção e a contribuição se repetirem; separar somente com diferença substantiva comprovada. Fonte publicada em 2026-08-03: contexto histórico; não usar a data do vídeo como data de publicação do futuro artigo.
29,WcnJN_sVcAA,6 COISAS QUE VOCÊ NÃO DEVE CONTAR PARA NINGUÉM,https://www.youtube.com/watch?v=WcnJN_sVcAA,2026-08-02,Autoconfiança e execução,Informacional: limites de exposição pessoal,PROPOSTA (metadados): Limites de exposição: o que uma empreendedora escolhe compartilhar,P3,blocked_supadata_quota_direct_youtube_ip,not_written_blocked_transcript,"PROPOSTA baseada apenas em metadados; não representa análise do vídeo nem palavra-chave validada por métricas. Família editorial proposta: limites. Comparar após transcrição com IDs 0VFeNnqZZf4; consolidar se a intenção e a contribuição se repetirem; separar somente com diferença substantiva comprovada. Fonte publicada em 2026-08-02: contexto histórico; não usar a data do vídeo como data de publicação do futuro artigo. Auditar números, prazos, renda e absolutos do título original; não perpetuar promessa no SEO. Quantidade de lições só após conferir; valores de cases exigem prova, período e atribuição, sem generalizar. Aderência ao ICP condicionada: só desenvolver com aplicação verificável à mulher empreendedora; se genérico, usar como apoio de guia ou acervo institucional, sem página SEO isolada."
30,oDb1-dGTCac,A arte da comunicação magnética: fale bem e seja respeitada por todos,https://www.youtube.com/watch?v=oDb1-dGTCac,2026-07-30,Comunicação e autoridade,Informacional: comunicação magnética,PROPOSTA (metadados): Comunicação magnética: presença e clareza na expressão profissional,P1,blocked_supadata_quota_direct_youtube_ip,not_written_blocked_transcript,"PROPOSTA baseada apenas em metadados; não representa análise do vídeo nem palavra-chave validada por métricas. Família editorial proposta: comunicacao-presenca. Comparar após transcrição com IDs G7Q1e9t7R-c, -cuyEMkux9E, DSpQWY3AbpI; consolidar se a intenção e a contribuição se repetirem; separar somente com diferença substantiva comprovada. Fonte publicada em 2026-07-30: contexto histórico; não usar a data do vídeo como data de publicação do futuro artigo. Auditar números, prazos, renda e absolutos do título original; não perpetuar promessa no SEO. Quantidade de lições só após conferir; valores de cases exigem prova, período e atribuição, sem generalizar."
31,b7wtSjtkJls,A relação secreta entre influência e DINHEIRO que ninguém fala,https://www.youtube.com/watch?v=b7wtSjtkJls,2026-07-29,Comunicação e autoridade,Informacional: influência e atividade comercial,PROPOSTA (metadados): Influência e atividade comercial: uma pauta sem equivalência automática com renda,P2,blocked_supadata_quota_direct_youtube_ip,not_written_blocked_transcript,"PROPOSTA baseada apenas em metadados; não representa análise do vídeo nem palavra-chave validada por métricas. Família editorial proposta: influencia. Sem par direto nesta família preliminar; comparar com o cluster e o acervo WordPress antes de abrir uma URL. Fonte publicada em 2026-07-29: contexto histórico; não usar a data do vídeo como data de publicação do futuro artigo. Auditar números, prazos, renda e absolutos do título original; não perpetuar promessa no SEO. Quantidade de lições só após conferir; valores de cases exigem prova, período e atribuição, sem generalizar."
32,0VFeNnqZZf4,O erro das mulheres que aceitam ser toleradas,https://www.youtube.com/watch?v=0VFeNnqZZf4,2026-07-28,Autoconfiança e execução,Informacional: limites nas relações profissionais,PROPOSTA (metadados): Limites nas relações profissionais: reconhecer espaços de desvalorização,P3,blocked_supadata_quota_direct_youtube_ip,not_written_blocked_transcript,"PROPOSTA baseada apenas em metadados; não representa análise do vídeo nem palavra-chave validada por métricas. Família editorial proposta: limites. Comparar após transcrição com IDs WcnJN_sVcAA; consolidar se a intenção e a contribuição se repetirem; separar somente com diferença substantiva comprovada. Fonte publicada em 2026-07-28: contexto histórico; não usar a data do vídeo como data de publicação do futuro artigo. Aderência ao ICP condicionada: só desenvolver com aplicação verificável à mulher empreendedora; se genérico, usar como apoio de guia ou acervo institucional, sem página SEO isolada."
33,hmNfBqrZZh0,3 AÇÕES para ser tornar uma mulher AUTOCONFIANTE,https://www.youtube.com/watch?v=hmNfBqrZZh0,2026-07-27,Autoconfiança e execução,Informacional: autoconfiança feminina no trabalho,PROPOSTA (metadados): Autoconfiança no trabalho: uma pauta para mulheres empreendedoras,P2,blocked_supadata_quota_direct_youtube_ip,not_written_blocked_transcript,"PROPOSTA baseada apenas em metadados; não representa análise do vídeo nem palavra-chave validada por métricas. Família editorial proposta: autoconfianca. Comparar após transcrição com IDs W1c_wN1YEPs, AUOExWeGv1M, 2S_UnwP13QI; consolidar se a intenção e a contribuição se repetirem; separar somente com diferença substantiva comprovada. Fonte publicada em 2026-07-27: contexto histórico; não usar a data do vídeo como data de publicação do futuro artigo. Auditar números, prazos, renda e absolutos do título original; não perpetuar promessa no SEO. Quantidade de lições só após conferir; valores de cases exigem prova, período e atribuição, sem generalizar."
34,6EQTJ5ENOE4,Aprendi 3 lições com as pessoas mais influentes do youtube,https://www.youtube.com/watch?v=6EQTJ5ENOE4,2026-07-26,Bastidores e casos,Informacional: aprendizados com criadores influentes,PROPOSTA (metadados): Aprendizados com criadores influentes: relato a contextualizar,P3,blocked_supadata_quota_direct_youtube_ip,not_written_blocked_transcript,"PROPOSTA baseada apenas em metadados; não representa análise do vídeo nem palavra-chave validada por métricas. Família editorial proposta: criadores-relato. Sem par direto nesta família preliminar; comparar com o cluster e o acervo WordPress antes de abrir uma URL. Fonte publicada em 2026-07-26: contexto histórico; não usar a data do vídeo como data de publicação do futuro artigo. Auditar números, prazos, renda e absolutos do título original; não perpetuar promessa no SEO. Quantidade de lições só após conferir; valores de cases exigem prova, período e atribuição, sem generalizar."
35,ZnC-cgiZnm0,"3 HÁBITOS MILIONÁRIOS que ninguém te conta para ser mais feliz, saudável e próspera",https://www.youtube.com/watch?v=ZnC-cgiZnm0,2026-07-23,Autoconfiança e execução,Informacional: hábitos e bem-estar na rotina empreendedora,PROPOSTA (metadados): Hábitos e bem-estar na rotina empreendedora: sem associar rotina a riqueza,P3,blocked_supadata_quota_direct_youtube_ip,not_written_blocked_transcript,"PROPOSTA baseada apenas em metadados; não representa análise do vídeo nem palavra-chave validada por métricas. Família editorial proposta: habitos. Comparar após transcrição com IDs lo6G7N9KE94, 8CjihwaYuUM; consolidar se a intenção e a contribuição se repetirem; separar somente com diferença substantiva comprovada. Fonte publicada em 2026-07-23: contexto histórico; não usar a data do vídeo como data de publicação do futuro artigo. Auditar números, prazos, renda e absolutos do título original; não perpetuar promessa no SEO. Quantidade de lições só após conferir; valores de cases exigem prova, período e atribuição, sem generalizar. Aderência ao ICP condicionada: só desenvolver com aplicação verificável à mulher empreendedora; se genérico, usar como apoio de guia ou acervo institucional, sem página SEO isolada. Não diagnosticar nem converter linguagem de motivação em alegação clínica, terapêutica ou de saúde; revisão de segurança editorial."
36,MXZ2kRqbzqQ,Construa sua MELHOR VERSÃO para viver a vida dos seus SONHOS,https://www.youtube.com/watch?v=MXZ2kRqbzqQ,2026-07-22,Autoconfiança e execução,Informacional: desenvolvimento pessoal para empreendedoras,PROPOSTA (metadados): Desenvolvimento pessoal: como relacionar aspirações e escolhas profissionais,P3,blocked_supadata_quota_direct_youtube_ip,not_written_blocked_transcript,"PROPOSTA baseada apenas em metadados; não representa análise do vídeo nem palavra-chave validada por métricas. Família editorial proposta: ambicao. Comparar após transcrição com IDs FzQcMsO-qUc, 9FJSFsEojHk, ny7YQy3H0Dg, QgrFMUEe7fM, 3NWmNXaOvMU, mAHvuskW3NE, RmVwHHztmGI, _SkficOqM0U, tWfYlsXA1i4, 7iclFogH8Y8; consolidar se a intenção e a contribuição se repetirem; separar somente com diferença substantiva comprovada. Fonte publicada em 2026-07-22: contexto histórico; não usar a data do vídeo como data de publicação do futuro artigo. Aderência ao ICP condicionada: só desenvolver com aplicação verificável à mulher empreendedora; se genérico, usar como apoio de guia ou acervo institucional, sem página SEO isolada."
37,mAHvuskW3NE,"Se você é ambiciosa mas está perdida, por favor assista isso…",https://www.youtube.com/watch?v=mAHvuskW3NE,2026-07-21,Autoconfiança e execução,Informacional: ambição sem direção,PROPOSTA (metadados): Ambição sem direção: perguntas para definir prioridades,P2,blocked_supadata_quota_direct_youtube_ip,not_written_blocked_transcript,"PROPOSTA baseada apenas em metadados; não representa análise do vídeo nem palavra-chave validada por métricas. Família editorial proposta: ambicao. Comparar após transcrição com IDs FzQcMsO-qUc, 9FJSFsEojHk, ny7YQy3H0Dg, QgrFMUEe7fM, 3NWmNXaOvMU, MXZ2kRqbzqQ, RmVwHHztmGI, _SkficOqM0U, tWfYlsXA1i4, 7iclFogH8Y8; consolidar se a intenção e a contribuição se repetirem; separar somente com diferença substantiva comprovada. Fonte publicada em 2026-07-21: contexto histórico; não usar a data do vídeo como data de publicação do futuro artigo."
38,kVgMY1KvtVg,Como começar projetos de sucesso da forma certa,https://www.youtube.com/watch?v=kVgMY1KvtVg,2026-07-20,Autoconfiança e execução,Informacional: iniciar projetos no negócio,PROPOSTA (metadados): Como organizar o início de um projeto no negócio,P2,blocked_supadata_quota_direct_youtube_ip,not_written_blocked_transcript,PROPOSTA baseada apenas em metadados; não representa análise do vídeo nem palavra-chave validada por métricas. Família editorial proposta: projetos. Comparar após transcrição com IDs VZHjOon2PQs; consolidar se a intenção e a contribuição se repetirem; separar somente com diferença substantiva comprovada. Fonte publicada em 2026-07-20: contexto histórico; não usar a data do vídeo como data de publicação do futuro artigo.
39,iKNvrHlyU5Y,Aprenda a ser vista e a ser lembrada: a forma mais SIMPLES de ser encontrada pelo cliente certo,https://www.youtube.com/watch?v=iKNvrHlyU5Y,2026-07-16,Posicionamento e marca pessoal,Informacional: visibilidade da marca para o público adequado,PROPOSTA (metadados): Visibilidade de marca: ser encontrada por um público alinhado,P1,blocked_supadata_quota_direct_youtube_ip,not_written_blocked_transcript,"PROPOSTA baseada apenas em metadados; não representa análise do vídeo nem palavra-chave validada por métricas. Família editorial proposta: visibilidade. Comparar após transcrição com IDs MBiJWcQUGzg, bZqd4T2lN1g; consolidar se a intenção e a contribuição se repetirem; separar somente com diferença substantiva comprovada. Fonte publicada em 2026-07-16: contexto histórico; não usar a data do vídeo como data de publicação do futuro artigo."
40,yA_jwU-_Etk,Você perde vendas por que não sabe isso.. o erro mais comum que acontece na hora de vender,https://www.youtube.com/watch?v=yA_jwU-_Etk,2026-07-15,Vendas premium,Informacional: dificuldades na abordagem de vendas,PROPOSTA (metadados): Dificuldades na abordagem comercial: perguntas para revisar a venda,P1,blocked_supadata_quota_direct_youtube_ip,not_written_blocked_transcript,PROPOSTA baseada apenas em metadados; não representa análise do vídeo nem palavra-chave validada por métricas. Família editorial proposta: friccao-venda. Comparar após transcrição com IDs zO6WYQKBqOA; consolidar se a intenção e a contribuição se repetirem; separar somente com diferença substantiva comprovada. Fonte publicada em 2026-07-15: contexto histórico; não usar a data do vídeo como data de publicação do futuro artigo.
41,55sMSFEqsCo,A inteligência que você precisa ativar para fazer mais dinheiro e se tornar autoridade no seu nicho,https://www.youtube.com/watch?v=55sMSFEqsCo,2026-07-14,Comunicação e autoridade,Informacional: autoridade e competências profissionais,PROPOSTA (metadados): Autoridade profissional: competências a investigar antes de propor um método,P2,blocked_supadata_quota_direct_youtube_ip,not_written_blocked_transcript,"PROPOSTA baseada apenas em metadados; não representa análise do vídeo nem palavra-chave validada por métricas. Família editorial proposta: autoridade. Comparar após transcrição com IDs KJ-IGzTS9p4; consolidar se a intenção e a contribuição se repetirem; separar somente com diferença substantiva comprovada. Fonte publicada em 2026-07-14: contexto histórico; não usar a data do vídeo como data de publicação do futuro artigo. Auditar números, prazos, renda e absolutos do título original; não perpetuar promessa no SEO. Quantidade de lições só após conferir; valores de cases exigem prova, período e atribuição, sem generalizar."
42,JprzGdVLrm0,Como fugir do DESCONTO e atrair o cliente que paga mais caro,https://www.youtube.com/watch?v=JprzGdVLrm0,2026-07-13,Vendas premium,Informacional: negociação de ofertas premium,PROPOSTA (metadados): Negociação premium: comunicar valor sem depender de redução de investimento,P1,blocked_supadata_quota_direct_youtube_ip,not_written_blocked_transcript,PROPOSTA baseada apenas em metadados; não representa análise do vídeo nem palavra-chave validada por métricas. Família editorial proposta: negociacao. Sem par direto nesta família preliminar; comparar com o cluster e o acervo WordPress antes de abrir uma URL. Fonte publicada em 2026-07-13: contexto histórico; não usar a data do vídeo como data de publicação do futuro artigo.
43,hy2QLcVdckw,A nova era dos criadores de conteúdo,https://www.youtube.com/watch?v=hy2QLcVdckw,2026-07-12,Posicionamento e marca pessoal,Informacional: posicionamento de criadoras de conteúdo,PROPOSTA (metadados): Criadoras de conteúdo: posicionamento em um mercado em transformação,P2,blocked_supadata_quota_direct_youtube_ip,not_written_blocked_transcript,PROPOSTA baseada apenas em metadados; não representa análise do vídeo nem palavra-chave validada por métricas. Família editorial proposta: criadoras. Comparar após transcrição com IDs 8BmR1w0iKmU; consolidar se a intenção e a contribuição se repetirem; separar somente com diferença substantiva comprovada. Fonte publicada em 2026-07-12: contexto histórico; não usar a data do vídeo como data de publicação do futuro artigo.
44,bZqd4T2lN1g,Sua marca é invisível? Veja como resolver isso HOJE,https://www.youtube.com/watch?v=bZqd4T2lN1g,2026-07-09,Posicionamento e marca pessoal,Informacional: marca com pouca visibilidade,PROPOSTA (metadados): Marca pouco visível: perguntas para revisar sua presença,P1,blocked_supadata_quota_direct_youtube_ip,not_written_blocked_transcript,"PROPOSTA baseada apenas em metadados; não representa análise do vídeo nem palavra-chave validada por métricas. Família editorial proposta: visibilidade. Comparar após transcrição com IDs MBiJWcQUGzg, iKNvrHlyU5Y; consolidar se a intenção e a contribuição se repetirem; separar somente com diferença substantiva comprovada. Fonte publicada em 2026-07-09: contexto histórico; não usar a data do vídeo como data de publicação do futuro artigo."
45,W1c_wN1YEPs,Você não tem Síndrome da Impostora. A verdade que ninguém fala | Manhã Bem Clara EP. 002,https://www.youtube.com/watch?v=W1c_wN1YEPs,2026-07-08,Autoconfiança e execução,Informacional: insegurança e percepção de competência,PROPOSTA (metadados): Insegurança profissional e percepção de competência: uma pauta sem diagnóstico,P3,blocked_supadata_quota_direct_youtube_ip,not_written_blocked_transcript,"PROPOSTA baseada apenas em metadados; não representa análise do vídeo nem palavra-chave validada por métricas. Família editorial proposta: autoconfianca. Comparar após transcrição com IDs hmNfBqrZZh0, AUOExWeGv1M, 2S_UnwP13QI; consolidar se a intenção e a contribuição se repetirem; separar somente com diferença substantiva comprovada. Fonte publicada em 2026-07-08: contexto histórico; não usar a data do vídeo como data de publicação do futuro artigo. Auditar números, prazos, renda e absolutos do título original; não perpetuar promessa no SEO. Quantidade de lições só após conferir; valores de cases exigem prova, período e atribuição, sem generalizar. Não diagnosticar nem converter linguagem de motivação em alegação clínica, terapêutica ou de saúde; revisão de segurança editorial."
46,10k6yOo7-NQ,A verdade sobre confiança e preço que ninguém te conta,https://www.youtube.com/watch?v=10k6yOo7-NQ,2026-07-07,Vendas premium,Informacional: confiança ao apresentar investimento,PROPOSTA (metadados): Confiança ao apresentar o investimento de uma oferta,P1,blocked_supadata_quota_direct_youtube_ip,not_written_blocked_transcript,"PROPOSTA baseada apenas em metadados; não representa análise do vídeo nem palavra-chave validada por métricas. Família editorial proposta: investimento-confianca. Comparar após transcrição com IDs A1fI1GbKPPA, Wy1l4ktOi4I; consolidar se a intenção e a contribuição se repetirem; separar somente com diferença substantiva comprovada. Fonte publicada em 2026-07-07: contexto histórico; não usar a data do vídeo como data de publicação do futuro artigo."
47,lo6G7N9KE94,Comece o dia assim e sua vida nunca mais será a mesma | Manhã Bem Clara EP. 001,https://www.youtube.com/watch?v=lo6G7N9KE94,2026-07-07,Autoconfiança e execução,Informacional: rotina de trabalho da empreendedora,PROPOSTA (metadados): Rotina de início do dia: escolhas para organizar o trabalho,P3,blocked_supadata_quota_direct_youtube_ip,not_written_blocked_transcript,"PROPOSTA baseada apenas em metadados; não representa análise do vídeo nem palavra-chave validada por métricas. Família editorial proposta: habitos. Comparar após transcrição com IDs ZnC-cgiZnm0, 8CjihwaYuUM; consolidar se a intenção e a contribuição se repetirem; separar somente com diferença substantiva comprovada. Fonte publicada em 2026-07-07: contexto histórico; não usar a data do vídeo como data de publicação do futuro artigo. Auditar números, prazos, renda e absolutos do título original; não perpetuar promessa no SEO. Quantidade de lições só após conferir; valores de cases exigem prova, período e atribuição, sem generalizar. Aderência ao ICP condicionada: só desenvolver com aplicação verificável à mulher empreendedora; se genérico, usar como apoio de guia ou acervo institucional, sem página SEO isolada."
48,G7Q1e9t7R-c,A Linguagem da Mulher de Alto Valor: os 3 padrões que revelam autoridade,https://www.youtube.com/watch?v=G7Q1e9t7R-c,2026-06-28,Comunicação e autoridade,Informacional: linguagem e autoridade feminina,PROPOSTA (metadados): Linguagem e autoridade: como revisar a expressão profissional feminina,P1,blocked_supadata_quota_direct_youtube_ip,not_written_blocked_transcript,"PROPOSTA baseada apenas em metadados; não representa análise do vídeo nem palavra-chave validada por métricas. Família editorial proposta: comunicacao-presenca. Comparar após transcrição com IDs oDb1-dGTCac, -cuyEMkux9E, DSpQWY3AbpI; consolidar se a intenção e a contribuição se repetirem; separar somente com diferença substantiva comprovada. Fonte publicada em 2026-06-28: contexto histórico; não usar a data do vídeo como data de publicação do futuro artigo. Auditar números, prazos, renda e absolutos do título original; não perpetuar promessa no SEO. Quantidade de lições só após conferir; valores de cases exigem prova, período e atribuição, sem generalizar."
49,RFM95ljA-gM,O erro que faz mulheres inteligentes serem ignoradas,https://www.youtube.com/watch?v=RFM95ljA-gM,2026-06-22,Comunicação e autoridade,Informacional: reconhecimento profissional feminino,PROPOSTA (metadados): Competência e reconhecimento: perguntas sobre presença profissional,P2,blocked_supadata_quota_direct_youtube_ip,not_written_blocked_transcript,"PROPOSTA baseada apenas em metadados; não representa análise do vídeo nem palavra-chave validada por métricas. Família editorial proposta: presenca. Comparar após transcrição com IDs 0y3Pgn1gFEs, 3kC_FiwwTnA; consolidar se a intenção e a contribuição se repetirem; separar somente com diferença substantiva comprovada. Fonte publicada em 2026-06-22: contexto histórico; não usar a data do vídeo como data de publicação do futuro artigo."
50,_ixzbSZaLi8,Introdução ao Magnetismo - Aula 02 de Marca Pessoal e Vendas de Alto Ticket.,https://www.youtube.com/watch?v=_ixzbSZaLi8,2026-05-08,Posicionamento e marca pessoal,Informacional: magnetismo de marca pessoal,PROPOSTA (metadados): Magnetismo de marca pessoal: pauta conjunta da série introdutória,P2,blocked_supadata_quota_direct_youtube_ip,not_written_blocked_transcript,"PROPOSTA baseada apenas em metadados; não representa análise do vídeo nem palavra-chave validada por métricas. Família editorial proposta: serie-magnetismo. Comparar após transcrição com IDs 5DTm2FyJ-OA, ampqi3IwHlQ, 8qvj0MOdofs; consolidar se a intenção e a contribuição se repetirem; separar somente com diferença substantiva comprovada. Aulas 01/02/03 da mesma série: não presumir progressão nem conteúdo distinto pela numeração; priorizar guia conjunto se confirmado. Fonte publicada em 2026-05-08: contexto histórico; não usar a data do vídeo como data de publicação do futuro artigo. Auditar números, prazos, renda e absolutos do título original; não perpetuar promessa no SEO. Quantidade de lições só após conferir; valores de cases exigem prova, período e atribuição, sem generalizar."
51,5DTm2FyJ-OA,Introdução ao Magnetismo - Aula 03 de Marca Pessoal e Vendas de Alto Ticket.,https://www.youtube.com/watch?v=5DTm2FyJ-OA,2026-05-08,Posicionamento e marca pessoal,Informacional: magnetismo de marca pessoal,PROPOSTA (metadados): Magnetismo de marca pessoal: pauta conjunta da série introdutória,P2,blocked_supadata_quota_direct_youtube_ip,not_written_blocked_transcript,"PROPOSTA baseada apenas em metadados; não representa análise do vídeo nem palavra-chave validada por métricas. Família editorial proposta: serie-magnetismo. Comparar após transcrição com IDs _ixzbSZaLi8, ampqi3IwHlQ, 8qvj0MOdofs; consolidar se a intenção e a contribuição se repetirem; separar somente com diferença substantiva comprovada. Aulas 01/02/03 da mesma série: não presumir progressão nem conteúdo distinto pela numeração; priorizar guia conjunto se confirmado. Fonte publicada em 2026-05-08: contexto histórico; não usar a data do vídeo como data de publicação do futuro artigo. Auditar números, prazos, renda e absolutos do título original; não perpetuar promessa no SEO. Quantidade de lições só após conferir; valores de cases exigem prova, período e atribuição, sem generalizar."
52,ampqi3IwHlQ,Introdução ao Magnetismo - Aula 01 de Marca Pessoal e Vendas de Alto Ticket.,https://www.youtube.com/watch?v=ampqi3IwHlQ,2026-05-08,Posicionamento e marca pessoal,Informacional: magnetismo de marca pessoal,PROPOSTA (metadados): Magnetismo de marca pessoal: pauta conjunta da série introdutória,P2,blocked_supadata_quota_direct_youtube_ip,not_written_blocked_transcript,"PROPOSTA baseada apenas em metadados; não representa análise do vídeo nem palavra-chave validada por métricas. Família editorial proposta: serie-magnetismo. Comparar após transcrição com IDs _ixzbSZaLi8, 5DTm2FyJ-OA, 8qvj0MOdofs; consolidar se a intenção e a contribuição se repetirem; separar somente com diferença substantiva comprovada. Aulas 01/02/03 da mesma série: não presumir progressão nem conteúdo distinto pela numeração; priorizar guia conjunto se confirmado. Fonte publicada em 2026-05-08: contexto histórico; não usar a data do vídeo como data de publicação do futuro artigo. Auditar números, prazos, renda e absolutos do título original; não perpetuar promessa no SEO. Quantidade de lições só após conferir; valores de cases exigem prova, período e atribuição, sem generalizar."
53,3kC_FiwwTnA,Seja respeitada por qualquer pessoa imediatamente,https://www.youtube.com/watch?v=3kC_FiwwTnA,2026-04-26,Comunicação e autoridade,Informacional: respeito nas relações profissionais,PROPOSTA (metadados): Respeito nas relações profissionais: presença sem promessa de aceitação universal,P2,blocked_supadata_quota_direct_youtube_ip,not_written_blocked_transcript,"PROPOSTA baseada apenas em metadados; não representa análise do vídeo nem palavra-chave validada por métricas. Família editorial proposta: presenca. Comparar após transcrição com IDs 0y3Pgn1gFEs, RFM95ljA-gM; consolidar se a intenção e a contribuição se repetirem; separar somente com diferença substantiva comprovada. Fonte publicada em 2026-04-26: contexto histórico; não usar a data do vídeo como data de publicação do futuro artigo. Auditar números, prazos, renda e absolutos do título original; não perpetuar promessa no SEO. Quantidade de lições só após conferir; valores de cases exigem prova, período e atribuição, sem generalizar."
54,PqdRb27hc4I,Curso Completo de 3h: Como atrair os melhores clientes e cobrar 10x mais caro,https://www.youtube.com/watch?v=PqdRb27hc4I,2026-02-20,Vendas premium,Informacional: atração de público para ofertas premium,PROPOSTA (metadados): Ofertas premium: atração de público e apresentação do investimento,P1,blocked_supadata_quota_direct_youtube_ip,not_written_blocked_transcript,"PROPOSTA baseada apenas em metadados; não representa análise do vídeo nem palavra-chave validada por métricas. Família editorial proposta: venda-premium. Comparar após transcrição com IDs neIEnhuwFus, _Nbjp7X0CTA, dPrZy-tZZKw; consolidar se a intenção e a contribuição se repetirem; separar somente com diferença substantiva comprovada. Fonte publicada em 2026-02-20: contexto histórico; não usar a data do vídeo como data de publicação do futuro artigo. Auditar números, prazos, renda e absolutos do título original; não perpetuar promessa no SEO. Quantidade de lições só após conferir; valores de cases exigem prova, período e atribuição, sem generalizar."
55,5SMKxdXS9GE,COMO SE TORNAR IRRECONHECÍVEL EM 90 DIAS,https://www.youtube.com/watch?v=5SMKxdXS9GE,2026-02-15,Autoconfiança e execução,Informacional: mudança pessoal e identidade profissional,PROPOSTA (metadados): Mudança pessoal e identidade profissional: uma pauta sem prazo de transformação,P3,blocked_supadata_quota_direct_youtube_ip,not_written_blocked_transcript,"PROPOSTA baseada apenas em metadados; não representa análise do vídeo nem palavra-chave validada por métricas. Família editorial proposta: mudanca. Comparar após transcrição com IDs efuxQa4fgYM, 2_SCYwfwkh0, lAEjlWxoxvw, jMzXLcgC7hY; consolidar se a intenção e a contribuição se repetirem; separar somente com diferença substantiva comprovada. Fonte publicada em 2026-02-15: contexto histórico; não usar a data do vídeo como data de publicação do futuro artigo. Auditar números, prazos, renda e absolutos do título original; não perpetuar promessa no SEO. Quantidade de lições só após conferir; valores de cases exigem prova, período e atribuição, sem generalizar. Aderência ao ICP condicionada: só desenvolver com aplicação verificável à mulher empreendedora; se genérico, usar como apoio de guia ou acervo institucional, sem página SEO isolada."
56,-cuyEMkux9E,Como ser CARISMÁTICA e deixar as pessoas viciadas em você,https://www.youtube.com/watch?v=-cuyEMkux9E,2026-02-08,Comunicação e autoridade,Informacional: carisma na comunicação profissional,PROPOSTA (metadados): Carisma na comunicação profissional: presença sem manipulação,P2,blocked_supadata_quota_direct_youtube_ip,not_written_blocked_transcript,"PROPOSTA baseada apenas em metadados; não representa análise do vídeo nem palavra-chave validada por métricas. Família editorial proposta: comunicacao-presenca. Comparar após transcrição com IDs oDb1-dGTCac, G7Q1e9t7R-c, DSpQWY3AbpI; consolidar se a intenção e a contribuição se repetirem; separar somente com diferença substantiva comprovada. Fonte publicada em 2026-02-08: contexto histórico; não usar a data do vídeo como data de publicação do futuro artigo."
57,oaYOo652aDQ,8 TENDÊNCIAS PARA VENDER MUITO EM 2026,https://www.youtube.com/watch?v=oaYOo652aDQ,2026-01-11,Vendas premium,Informacional: tendências de vendas em 2026,PROPOSTA (metadados): Tendências de vendas discutidas em 2026: leitura histórica a validar,P2,blocked_supadata_quota_direct_youtube_ip,not_written_blocked_transcript,"PROPOSTA baseada apenas em metadados; não representa análise do vídeo nem palavra-chave validada por métricas. Família editorial proposta: tendencias-2026. Sem par direto nesta família preliminar; comparar com o cluster e o acervo WordPress antes de abrir uma URL. Fonte publicada em 2026-01-11: contexto histórico; não usar a data do vídeo como data de publicação do futuro artigo. Ano explícito no título original: manter como contexto histórico; não trocar pelo ano atual nem reciclar previsão como fato sem revisão e evidência. Auditar números, prazos, renda e absolutos do título original; não perpetuar promessa no SEO. Quantidade de lições só após conferir; valores de cases exigem prova, período e atribuição, sem generalizar."
58,RmVwHHztmGI,OS SEGREDOS PARA SE TORNAR MILIONÁRIA EM 2026,https://www.youtube.com/watch?v=RmVwHHztmGI,2025-12-26,Autoconfiança e execução,Informacional: ambição financeira e planejamento,PROPOSTA (metadados): Ambição financeira no contexto de 2026: revisão crítica de expectativas,P3,blocked_supadata_quota_direct_youtube_ip,not_written_blocked_transcript,"PROPOSTA baseada apenas em metadados; não representa análise do vídeo nem palavra-chave validada por métricas. Família editorial proposta: ambicao. Comparar após transcrição com IDs FzQcMsO-qUc, 9FJSFsEojHk, ny7YQy3H0Dg, QgrFMUEe7fM, 3NWmNXaOvMU, MXZ2kRqbzqQ, mAHvuskW3NE, _SkficOqM0U, tWfYlsXA1i4, 7iclFogH8Y8; consolidar se a intenção e a contribuição se repetirem; separar somente com diferença substantiva comprovada. Fonte publicada em 2025-12-26: contexto histórico; não usar a data do vídeo como data de publicação do futuro artigo. Ano explícito no título original: manter como contexto histórico; não trocar pelo ano atual nem reciclar previsão como fato sem revisão e evidência. Auditar números, prazos, renda e absolutos do título original; não perpetuar promessa no SEO. Quantidade de lições só após conferir; valores de cases exigem prova, período e atribuição, sem generalizar. Aderência ao ICP condicionada: só desenvolver com aplicação verificável à mulher empreendedora; se genérico, usar como apoio de guia ou acervo institucional, sem página SEO isolada."
59,zHGH57XvWz4,SAÍMOS DO BRASIL E CRIAMOS UMA MARCA GLOBAL NA ESPANHA,https://www.youtube.com/watch?v=zHGH57XvWz4,2025-12-07,Bastidores e casos,Informacional: bastidores de marca brasileira na Espanha,PROPOSTA (metadados): Da atuação no Brasil à Espanha: bastidores de uma marca,P2,blocked_supadata_quota_direct_youtube_ip,not_written_blocked_transcript,PROPOSTA baseada apenas em metadados; não representa análise do vídeo nem palavra-chave validada por métricas. Família editorial proposta: marca-espanha. Sem par direto nesta família preliminar; comparar com o cluster e o acervo WordPress antes de abrir uma URL. Fonte publicada em 2025-12-07: contexto histórico; não usar a data do vídeo como data de publicação do futuro artigo.
60,OudXBDTowBw,Como Construir uma MARCA IRRESISTÍVEL que Atrai Clientes e Vende Todos os Dias,https://www.youtube.com/watch?v=OudXBDTowBw,2025-10-20,Posicionamento e marca pessoal,Informacional: construção de marca pessoal atrativa,PROPOSTA (metadados): Construção de marca pessoal: reconhecimento e coerência comercial,P1,blocked_supadata_quota_direct_youtube_ip,not_written_blocked_transcript,"PROPOSTA baseada apenas em metadados; não representa análise do vídeo nem palavra-chave validada por métricas. Família editorial proposta: marca-memoravel. Comparar após transcrição com IDs fqLN8d8J0_U, z7dqc_jQWKw, CuS0u8RZNjY, oUvEAaqVAY8; consolidar se a intenção e a contribuição se repetirem; separar somente com diferença substantiva comprovada. Fonte publicada em 2025-10-20: contexto histórico; não usar a data do vídeo como data de publicação do futuro artigo. Auditar números, prazos, renda e absolutos do título original; não perpetuar promessa no SEO. Quantidade de lições só após conferir; valores de cases exigem prova, período e atribuição, sem generalizar."
61,23az8PkAYL4,Como Faturei 30 MILHÕES do Zero com Marca Pessoal: Os 4 Recursos que Funcionaram,https://www.youtube.com/watch?v=23az8PkAYL4,2025-10-12,Bastidores e casos,Informacional: trajetória empreendedora e marca pessoal,PROPOSTA (metadados): Trajetória de marca pessoal: relato a contextualizar com evidências,P2,blocked_supadata_quota_direct_youtube_ip,not_written_blocked_transcript,"PROPOSTA baseada apenas em metadados; não representa análise do vídeo nem palavra-chave validada por métricas. Família editorial proposta: caso-trajetoria. Sem par direto nesta família preliminar; comparar com o cluster e o acervo WordPress antes de abrir uma URL. Fonte publicada em 2025-10-12: contexto histórico; não usar a data do vídeo como data de publicação do futuro artigo. Auditar números, prazos, renda e absolutos do título original; não perpetuar promessa no SEO. Quantidade de lições só após conferir; valores de cases exigem prova, período e atribuição, sem generalizar."
62,hYrWerlRH8o,ClaraClass - O que eu faria se quisesse fazer 100 mil reais até o fim do ano,https://www.youtube.com/watch?v=hYrWerlRH8o,2025-08-20,Vendas premium,Informacional: planejamento de vendas e metas,PROPOSTA (metadados): Planejamento de vendas: contextualizar uma aula sobre metas financeiras,P3,blocked_supadata_quota_direct_youtube_ip,not_written_blocked_transcript,"PROPOSTA baseada apenas em metadados; não representa análise do vídeo nem palavra-chave validada por métricas. Família editorial proposta: metas-vendas. Sem par direto nesta família preliminar; comparar com o cluster e o acervo WordPress antes de abrir uma URL. Fonte publicada em 2025-08-20: contexto histórico; não usar a data do vídeo como data de publicação do futuro artigo. Auditar números, prazos, renda e absolutos do título original; não perpetuar promessa no SEO. Quantidade de lições só após conferir; valores de cases exigem prova, período e atribuição, sem generalizar."
63,_Nbjp7X0CTA,ClaraClass - Pilares da Venda Alto Ticket,https://www.youtube.com/watch?v=_Nbjp7X0CTA,2025-07-23,Vendas premium,Informacional: fundamentos de vendas high ticket,PROPOSTA (metadados): Fundamentos de vendas premium para mulheres empreendedoras,P1,blocked_supadata_quota_direct_youtube_ip,not_written_blocked_transcript,"PROPOSTA baseada apenas em metadados; não representa análise do vídeo nem palavra-chave validada por métricas. Família editorial proposta: venda-premium. Comparar após transcrição com IDs neIEnhuwFus, PqdRb27hc4I, dPrZy-tZZKw; consolidar se a intenção e a contribuição se repetirem; separar somente com diferença substantiva comprovada. Fonte publicada em 2025-07-23: contexto histórico; não usar a data do vídeo como data de publicação do futuro artigo."
64,DSpQWY3AbpI,Como falar e ser admirada por todos,https://www.youtube.com/watch?v=DSpQWY3AbpI,2025-07-18,Comunicação e autoridade,Informacional: comunicação e reconhecimento profissional,PROPOSTA (metadados): Comunicação e reconhecimento profissional: uma pauta sobre expressão,P2,blocked_supadata_quota_direct_youtube_ip,not_written_blocked_transcript,"PROPOSTA baseada apenas em metadados; não representa análise do vídeo nem palavra-chave validada por métricas. Família editorial proposta: comunicacao-presenca. Comparar após transcrição com IDs oDb1-dGTCac, G7Q1e9t7R-c, -cuyEMkux9E; consolidar se a intenção e a contribuição se repetirem; separar somente com diferença substantiva comprovada. Fonte publicada em 2025-07-18: contexto histórico; não usar a data do vídeo como data de publicação do futuro artigo. Auditar números, prazos, renda e absolutos do título original; não perpetuar promessa no SEO. Quantidade de lições só após conferir; valores de cases exigem prova, período e atribuição, sem generalizar."
65,CuS0u8RZNjY,ClaraClass - Como criar uma Marca Irresistível em 30 dias - garantido,https://www.youtube.com/watch?v=CuS0u8RZNjY,2025-07-16,Posicionamento e marca pessoal,Informacional: planejamento da construção de marca,PROPOSTA (metadados): Planejamento de marca pessoal: organizar etapas sem prometer prazo,P2,blocked_supadata_quota_direct_youtube_ip,not_written_blocked_transcript,"PROPOSTA baseada apenas em metadados; não representa análise do vídeo nem palavra-chave validada por métricas. Família editorial proposta: marca-memoravel. Comparar após transcrição com IDs fqLN8d8J0_U, z7dqc_jQWKw, OudXBDTowBw, oUvEAaqVAY8; consolidar se a intenção e a contribuição se repetirem; separar somente com diferença substantiva comprovada. Fonte publicada em 2025-07-16: contexto histórico; não usar a data do vídeo como data de publicação do futuro artigo. Auditar números, prazos, renda e absolutos do título original; não perpetuar promessa no SEO. Quantidade de lições só após conferir; valores de cases exigem prova, período e atribuição, sem generalizar."
66,_SkficOqM0U,Como ser Rica & Admirada em 2025,https://www.youtube.com/watch?v=_SkficOqM0U,2025-07-02,Autoconfiança e execução,Informacional: ambição e reconhecimento profissional,PROPOSTA (metadados): Ambição e reconhecimento: contextualizar uma aula de 2025,P3,blocked_supadata_quota_direct_youtube_ip,not_written_blocked_transcript,"PROPOSTA baseada apenas em metadados; não representa análise do vídeo nem palavra-chave validada por métricas. Família editorial proposta: ambicao. Comparar após transcrição com IDs FzQcMsO-qUc, 9FJSFsEojHk, ny7YQy3H0Dg, QgrFMUEe7fM, 3NWmNXaOvMU, MXZ2kRqbzqQ, mAHvuskW3NE, RmVwHHztmGI, tWfYlsXA1i4, 7iclFogH8Y8; consolidar se a intenção e a contribuição se repetirem; separar somente com diferença substantiva comprovada. Fonte publicada em 2025-07-02: contexto histórico; não usar a data do vídeo como data de publicação do futuro artigo. Ano explícito no título original: manter como contexto histórico; não trocar pelo ano atual nem reciclar previsão como fato sem revisão e evidência. Auditar números, prazos, renda e absolutos do título original; não perpetuar promessa no SEO. Quantidade de lições só após conferir; valores de cases exigem prova, período e atribuição, sem generalizar. Aderência ao ICP condicionada: só desenvolver com aplicação verificável à mulher empreendedora; se genérico, usar como apoio de guia ou acervo institucional, sem página SEO isolada."
67,8BmR1w0iKmU,SUPERLIVE: A Nova Era da Marca Pessoal,https://www.youtube.com/watch?v=8BmR1w0iKmU,2025-06-15,Posicionamento e marca pessoal,Informacional: mudanças na marca pessoal,PROPOSTA (metadados): Marca pessoal em transformação: contextualizar uma aula de 2025,P2,blocked_supadata_quota_direct_youtube_ip,not_written_blocked_transcript,PROPOSTA baseada apenas em metadados; não representa análise do vídeo nem palavra-chave validada por métricas. Família editorial proposta: criadoras. Comparar após transcrição com IDs hy2QLcVdckw; consolidar se a intenção e a contribuição se repetirem; separar somente com diferença substantiva comprovada. Fonte publicada em 2025-06-15: contexto histórico; não usar a data do vídeo como data de publicação do futuro artigo.
68,fo8Rzv8gVxs,Como construir um modelo de negócio premium que te permite vender alto e ter paz todos os meses,https://www.youtube.com/watch?v=fo8Rzv8gVxs,2025-05-13,Vendas premium,Informacional: modelo de negócio premium,PROPOSTA (metadados): Modelo de negócio premium: decisões comerciais e rotina de entrega,P1,blocked_supadata_quota_direct_youtube_ip,not_written_blocked_transcript,"PROPOSTA baseada apenas em metadados; não representa análise do vídeo nem palavra-chave validada por métricas. Família editorial proposta: modelo-premium. Sem par direto nesta família preliminar; comparar com o cluster e o acervo WordPress antes de abrir uma URL. Fonte publicada em 2025-05-13: contexto histórico; não usar a data do vídeo como data de publicação do futuro artigo. Auditar números, prazos, renda e absolutos do título original; não perpetuar promessa no SEO. Quantidade de lições só após conferir; valores de cases exigem prova, período e atribuição, sem generalizar."
69,RYrpy3zkKN0,Live de Aquecimento - Análise de Posicionamento & Vendas - 25/04 | 12:12,https://www.youtube.com/watch?v=RYrpy3zkKN0,2025-04-25,Bastidores e casos,Informacional: análise de posicionamento e vendas,PROPOSTA (metadados): Análises de posicionamento e vendas: proposta de dossiê das lives de aquecimento,P2,blocked_supadata_quota_direct_youtube_ip,not_written_blocked_transcript,"PROPOSTA baseada apenas em metadados; não representa análise do vídeo nem palavra-chave validada por métricas. Família editorial proposta: aquecimento. Comparar após transcrição com IDs ynIJspvhb94, ps9q8bzcX1Y, DoH97Ho2RWY, iKMw966NJlc, BgKCKNCpVDo; consolidar se a intenção e a contribuição se repetirem; separar somente com diferença substantiva comprovada. Lives de aquecimento com IDs distintos e tema recorrente: candidato a um dossiê, não a seis páginas quase iguais. Manter as seis fontes e atribuições por trecho; quantidade final depende das transcrições. Comparar também svaxt0kVV0Y e dWKuaD31Uds. Fonte publicada em 2025-04-25: contexto histórico; não usar a data do vídeo como data de publicação do futuro artigo. Auditar números, prazos, renda e absolutos do título original; não perpetuar promessa no SEO. Quantidade de lições só após conferir; valores de cases exigem prova, período e atribuição, sem generalizar."
70,ynIJspvhb94,Live de Aquecimento - Análise de Posicionamento & Vendas - 24/04 - 20:20,https://www.youtube.com/watch?v=ynIJspvhb94,2025-04-25,Bastidores e casos,Informacional: análise de posicionamento e vendas,PROPOSTA (metadados): Análises de posicionamento e vendas: proposta de dossiê das lives de aquecimento,P2,blocked_supadata_quota_direct_youtube_ip,not_written_blocked_transcript,"PROPOSTA baseada apenas em metadados; não representa análise do vídeo nem palavra-chave validada por métricas. Família editorial proposta: aquecimento. Comparar após transcrição com IDs RYrpy3zkKN0, ps9q8bzcX1Y, DoH97Ho2RWY, iKMw966NJlc, BgKCKNCpVDo; consolidar se a intenção e a contribuição se repetirem; separar somente com diferença substantiva comprovada. Lives de aquecimento com IDs distintos e tema recorrente: candidato a um dossiê, não a seis páginas quase iguais. Manter as seis fontes e atribuições por trecho; quantidade final depende das transcrições. Comparar também svaxt0kVV0Y e dWKuaD31Uds. Fonte publicada em 2025-04-25: contexto histórico; não usar a data do vídeo como data de publicação do futuro artigo. Auditar números, prazos, renda e absolutos do título original; não perpetuar promessa no SEO. Quantidade de lições só após conferir; valores de cases exigem prova, período e atribuição, sem generalizar. Título menciona 24/04; metadado de publicação informa 2025-04-25. Preservar ambos; não inferir data da gravação."
71,ps9q8bzcX1Y,Live de Aquecimento - Análise de Posicionamento & Vendas - 22/04 | 12:12,https://www.youtube.com/watch?v=ps9q8bzcX1Y,2025-04-22,Bastidores e casos,Informacional: análise de posicionamento e vendas,PROPOSTA (metadados): Análises de posicionamento e vendas: proposta de dossiê das lives de aquecimento,P2,blocked_supadata_quota_direct_youtube_ip,not_written_blocked_transcript,"PROPOSTA baseada apenas em metadados; não representa análise do vídeo nem palavra-chave validada por métricas. Família editorial proposta: aquecimento. Comparar após transcrição com IDs RYrpy3zkKN0, ynIJspvhb94, DoH97Ho2RWY, iKMw966NJlc, BgKCKNCpVDo; consolidar se a intenção e a contribuição se repetirem; separar somente com diferença substantiva comprovada. Lives de aquecimento com IDs distintos e tema recorrente: candidato a um dossiê, não a seis páginas quase iguais. Manter as seis fontes e atribuições por trecho; quantidade final depende das transcrições. Comparar também svaxt0kVV0Y e dWKuaD31Uds. Fonte publicada em 2025-04-22: contexto histórico; não usar a data do vídeo como data de publicação do futuro artigo. Auditar números, prazos, renda e absolutos do título original; não perpetuar promessa no SEO. Quantidade de lições só após conferir; valores de cases exigem prova, período e atribuição, sem generalizar."
72,DoH97Ho2RWY,Live de Aquecimento - Análise de Posicionamento & Vendas - 21/04 | 12:12,https://www.youtube.com/watch?v=DoH97Ho2RWY,2025-04-21,Bastidores e casos,Informacional: análise de posicionamento e vendas,PROPOSTA (metadados): Análises de posicionamento e vendas: proposta de dossiê das lives de aquecimento,P2,blocked_supadata_quota_direct_youtube_ip,not_written_blocked_transcript,"PROPOSTA baseada apenas em metadados; não representa análise do vídeo nem palavra-chave validada por métricas. Família editorial proposta: aquecimento. Comparar após transcrição com IDs RYrpy3zkKN0, ynIJspvhb94, ps9q8bzcX1Y, iKMw966NJlc, BgKCKNCpVDo; consolidar se a intenção e a contribuição se repetirem; separar somente com diferença substantiva comprovada. Lives de aquecimento com IDs distintos e tema recorrente: candidato a um dossiê, não a seis páginas quase iguais. Manter as seis fontes e atribuições por trecho; quantidade final depende das transcrições. Comparar também svaxt0kVV0Y e dWKuaD31Uds. Fonte publicada em 2025-04-21: contexto histórico; não usar a data do vídeo como data de publicação do futuro artigo. Auditar números, prazos, renda e absolutos do título original; não perpetuar promessa no SEO. Quantidade de lições só após conferir; valores de cases exigem prova, período e atribuição, sem generalizar."
73,iKMw966NJlc,Live de Aquecimento - Análise de Posicionamento & Vendas - 17/02 | 12:12,https://www.youtube.com/watch?v=iKMw966NJlc,2025-04-17,Bastidores e casos,Informacional: análise de posicionamento e vendas,PROPOSTA (metadados): Análises de posicionamento e vendas: proposta de dossiê das lives de aquecimento,P2,blocked_supadata_quota_direct_youtube_ip,not_written_blocked_transcript,"PROPOSTA baseada apenas em metadados; não representa análise do vídeo nem palavra-chave validada por métricas. Família editorial proposta: aquecimento. Comparar após transcrição com IDs RYrpy3zkKN0, ynIJspvhb94, ps9q8bzcX1Y, DoH97Ho2RWY, BgKCKNCpVDo; consolidar se a intenção e a contribuição se repetirem; separar somente com diferença substantiva comprovada. Lives de aquecimento com IDs distintos e tema recorrente: candidato a um dossiê, não a seis páginas quase iguais. Manter as seis fontes e atribuições por trecho; quantidade final depende das transcrições. Comparar também svaxt0kVV0Y e dWKuaD31Uds. Fonte publicada em 2025-04-17: contexto histórico; não usar a data do vídeo como data de publicação do futuro artigo. Auditar números, prazos, renda e absolutos do título original; não perpetuar promessa no SEO. Quantidade de lições só após conferir; valores de cases exigem prova, período e atribuição, sem generalizar. Título menciona 17/02; publicação informa 2025-04-17. Não corrigir silenciosamente nem inferir data da gravação."
74,BgKCKNCpVDo,Live de Aquecimento - Análise de Posicionamento & Vendas -12:12,https://www.youtube.com/watch?v=BgKCKNCpVDo,2025-04-16,Bastidores e casos,Informacional: análise de posicionamento e vendas,PROPOSTA (metadados): Análises de posicionamento e vendas: proposta de dossiê das lives de aquecimento,P2,blocked_supadata_quota_direct_youtube_ip,not_written_blocked_transcript,"PROPOSTA baseada apenas em metadados; não representa análise do vídeo nem palavra-chave validada por métricas. Família editorial proposta: aquecimento. Comparar após transcrição com IDs RYrpy3zkKN0, ynIJspvhb94, ps9q8bzcX1Y, DoH97Ho2RWY, iKMw966NJlc; consolidar se a intenção e a contribuição se repetirem; separar somente com diferença substantiva comprovada. Lives de aquecimento com IDs distintos e tema recorrente: candidato a um dossiê, não a seis páginas quase iguais. Manter as seis fontes e atribuições por trecho; quantidade final depende das transcrições. Comparar também svaxt0kVV0Y e dWKuaD31Uds. Fonte publicada em 2025-04-16: contexto histórico; não usar a data do vídeo como data de publicação do futuro artigo. Auditar números, prazos, renda e absolutos do título original; não perpetuar promessa no SEO. Quantidade de lições só após conferir; valores de cases exigem prova, período e atribuição, sem generalizar."
75,BMlRyt_Xe1k,Estudo de Caso: empresária mudou a vida dela depois que começou a cobrar mais alto,https://www.youtube.com/watch?v=BMlRyt_Xe1k,2025-04-15,Bastidores e casos,Informacional: relato de reposicionamento de uma empresária,PROPOSTA (metadados): Reposicionamento de uma empresária: estudo de caso condicionado à comprovação,P2,blocked_supadata_quota_direct_youtube_ip,not_written_blocked_transcript,PROPOSTA baseada apenas em metadados; não representa análise do vídeo nem palavra-chave validada por métricas. Família editorial proposta: caso-investimento. Sem par direto nesta família preliminar; comparar com o cluster e o acervo WordPress antes de abrir uma URL. Fonte publicada em 2025-04-15: contexto histórico; não usar a data do vídeo como data de publicação do futuro artigo.
76,dWKuaD31Uds,ClaraClass: Análise de Posicionamento de Marca,https://www.youtube.com/watch?v=dWKuaD31Uds,2025-04-09,Bastidores e casos,Informacional: análise de posicionamento de marca,PROPOSTA (metadados): Análise de posicionamento de marca: critérios a confirmar em transcrição,P2,blocked_supadata_quota_direct_youtube_ip,not_written_blocked_transcript,PROPOSTA baseada apenas em metadados; não representa análise do vídeo nem palavra-chave validada por métricas. Família editorial proposta: analises-posicionamento. Comparar após transcrição com IDs svaxt0kVV0Y; consolidar se a intenção e a contribuição se repetirem; separar somente com diferença substantiva comprovada. Fonte publicada em 2025-04-09: contexto histórico; não usar a data do vídeo como data de publicação do futuro artigo.
77,tWfYlsXA1i4,Meu conselho honesto para mulheres que querem a liberdade financeira,https://www.youtube.com/watch?v=tWfYlsXA1i4,2025-03-17,Autoconfiança e execução,Informacional: autonomia financeira de empreendedoras,PROPOSTA (metadados): Autonomia financeira: reflexões para mulheres empreendedoras,P3,blocked_supadata_quota_direct_youtube_ip,not_written_blocked_transcript,"PROPOSTA baseada apenas em metadados; não representa análise do vídeo nem palavra-chave validada por métricas. Família editorial proposta: ambicao. Comparar após transcrição com IDs FzQcMsO-qUc, 9FJSFsEojHk, ny7YQy3H0Dg, QgrFMUEe7fM, 3NWmNXaOvMU, MXZ2kRqbzqQ, mAHvuskW3NE, RmVwHHztmGI, _SkficOqM0U, 7iclFogH8Y8; consolidar se a intenção e a contribuição se repetirem; separar somente com diferença substantiva comprovada. Fonte publicada em 2025-03-17: contexto histórico; não usar a data do vídeo como data de publicação do futuro artigo. Aderência ao ICP condicionada: só desenvolver com aplicação verificável à mulher empreendedora; se genérico, usar como apoio de guia ou acervo institucional, sem página SEO isolada."
78,8CjihwaYuUM,Eu Aprendi os 5 Hábitos dos Milionários e Minha Vida Mudou,https://www.youtube.com/watch?v=8CjihwaYuUM,2025-03-09,Autoconfiança e execução,Informacional: relato sobre hábitos de trabalho,PROPOSTA (metadados): Hábitos na trajetória empreendedora: relato sem receita universal,P3,blocked_supadata_quota_direct_youtube_ip,not_written_blocked_transcript,"PROPOSTA baseada apenas em metadados; não representa análise do vídeo nem palavra-chave validada por métricas. Família editorial proposta: habitos. Comparar após transcrição com IDs ZnC-cgiZnm0, lo6G7N9KE94; consolidar se a intenção e a contribuição se repetirem; separar somente com diferença substantiva comprovada. Fonte publicada em 2025-03-09: contexto histórico; não usar a data do vídeo como data de publicação do futuro artigo. Auditar números, prazos, renda e absolutos do título original; não perpetuar promessa no SEO. Quantidade de lições só após conferir; valores de cases exigem prova, período e atribuição, sem generalizar. Aderência ao ICP condicionada: só desenvolver com aplicação verificável à mulher empreendedora; se genérico, usar como apoio de guia ou acervo institucional, sem página SEO isolada."
79,7iclFogH8Y8,Como Fazer R$ 1 Milhão: o que separa quem chega lá de quem fica na média,https://www.youtube.com/watch?v=7iclFogH8Y8,2025-02-16,Autoconfiança e execução,Informacional: expectativas de crescimento financeiro,PROPOSTA (metadados): Expectativas de crescimento financeiro: uma pauta sem meta universal de renda,P3,blocked_supadata_quota_direct_youtube_ip,not_written_blocked_transcript,"PROPOSTA baseada apenas em metadados; não representa análise do vídeo nem palavra-chave validada por métricas. Família editorial proposta: ambicao. Comparar após transcrição com IDs FzQcMsO-qUc, 9FJSFsEojHk, ny7YQy3H0Dg, QgrFMUEe7fM, 3NWmNXaOvMU, MXZ2kRqbzqQ, mAHvuskW3NE, RmVwHHztmGI, _SkficOqM0U, tWfYlsXA1i4; consolidar se a intenção e a contribuição se repetirem; separar somente com diferença substantiva comprovada. Fonte publicada em 2025-02-16: contexto histórico; não usar a data do vídeo como data de publicação do futuro artigo. Auditar números, prazos, renda e absolutos do título original; não perpetuar promessa no SEO. Quantidade de lições só após conferir; valores de cases exigem prova, período e atribuição, sem generalizar. Aderência ao ICP condicionada: só desenvolver com aplicação verificável à mulher empreendedora; se genérico, usar como apoio de guia ou acervo institucional, sem página SEO isolada."
80,7Xj6jiDNHM8,Construa sua Marca Pessoal em Qualquer Nicho | Live Diária,https://www.youtube.com/watch?v=7Xj6jiDNHM8,2025-02-15,Posicionamento e marca pessoal,Informacional: marca pessoal em diferentes nichos,PROPOSTA (metadados): Marca pessoal em diferentes nichos: questões para adaptar o posicionamento,P1,blocked_supadata_quota_direct_youtube_ip,not_written_blocked_transcript,PROPOSTA baseada apenas em metadados; não representa análise do vídeo nem palavra-chave validada por métricas. Família editorial proposta: diferenciacao. Comparar após transcrição com IDs iyDr9i59dsc; consolidar se a intenção e a contribuição se repetirem; separar somente com diferença substantiva comprovada. Fonte publicada em 2025-02-15: contexto histórico; não usar a data do vídeo como data de publicação do futuro artigo.
81,zO6WYQKBqOA,Isso te faz perder vendas todo dia (sem saber) | Live Diária,https://www.youtube.com/watch?v=zO6WYQKBqOA,2025-02-12,Vendas premium,Informacional: obstáculos no processo de vendas,PROPOSTA (metadados): Obstáculos no processo de vendas: como formular um diagnóstico editorial,P2,blocked_supadata_quota_direct_youtube_ip,not_written_blocked_transcript,"PROPOSTA baseada apenas em metadados; não representa análise do vídeo nem palavra-chave validada por métricas. Família editorial proposta: friccao-venda. Comparar após transcrição com IDs yA_jwU-_Etk; consolidar se a intenção e a contribuição se repetirem; separar somente com diferença substantiva comprovada. Fonte publicada em 2025-02-12: contexto histórico; não usar a data do vídeo como data de publicação do futuro artigo. Auditar números, prazos, renda e absolutos do título original; não perpetuar promessa no SEO. Quantidade de lições só após conferir; valores de cases exigem prova, período e atribuição, sem generalizar."
82,NicoBYjgPi0,Por que BELEZA encanta e vende mais | Live Diária,https://www.youtube.com/watch?v=NicoBYjgPi0,2025-02-12,Posicionamento e marca pessoal,Informacional: estética e percepção da marca,PROPOSTA (metadados): Estética e percepção de marca: coerência visual sem promessas de vendas,P2,blocked_supadata_quota_direct_youtube_ip,not_written_blocked_transcript,PROPOSTA baseada apenas em metadados; não representa análise do vídeo nem palavra-chave validada por métricas. Família editorial proposta: percepcao-valor. Comparar após transcrição com IDs FuXRpG2Stvg; consolidar se a intenção e a contribuição se repetirem; separar somente com diferença substantiva comprovada. Fonte publicada em 2025-02-12: contexto histórico; não usar a data do vídeo como data de publicação do futuro artigo.
83,8qvj0MOdofs,Marcas magnéticas vendem mais porque fazem isso diferente,https://www.youtube.com/watch?v=8qvj0MOdofs,2025-02-11,Posicionamento e marca pessoal,Informacional: magnetismo e diferenciação de marca,PROPOSTA (metadados): Magnetismo de marca: diferenciação percebida e comunicação,P2,blocked_supadata_quota_direct_youtube_ip,not_written_blocked_transcript,"PROPOSTA baseada apenas em metadados; não representa análise do vídeo nem palavra-chave validada por métricas. Família editorial proposta: serie-magnetismo. Comparar após transcrição com IDs _ixzbSZaLi8, 5DTm2FyJ-OA, ampqi3IwHlQ; consolidar se a intenção e a contribuição se repetirem; separar somente com diferença substantiva comprovada. Fonte publicada em 2025-02-11: contexto histórico; não usar a data do vídeo como data de publicação do futuro artigo."
84,yvIx-zepAQU,A verdade sobre autossabotagem que ninguém fala | Live Diária,https://www.youtube.com/watch?v=yvIx-zepAQU,2025-02-06,Autoconfiança e execução,Informacional: barreiras à execução profissional,PROPOSTA (metadados): Barreiras à execução: uma pauta sem rótulos clínicos,P3,blocked_supadata_quota_direct_youtube_ip,not_written_blocked_transcript,"PROPOSTA baseada apenas em metadados; não representa análise do vídeo nem palavra-chave validada por métricas. Família editorial proposta: execucao. Comparar após transcrição com IDs _dXsC_dObHk, ZN4tIiAlN6E; consolidar se a intenção e a contribuição se repetirem; separar somente com diferença substantiva comprovada. Fonte publicada em 2025-02-06: contexto histórico; não usar a data do vídeo como data de publicação do futuro artigo. Não diagnosticar nem converter linguagem de motivação em alegação clínica, terapêutica ou de saúde; revisão de segurança editorial."
85,gR0ZSC9TmPg,Como escolher amizades que vão te levar longe | Live Diária,https://www.youtube.com/watch?v=gR0ZSC9TmPg,2025-02-04,Ambiência e networking,Informacional: relações e rede de apoio profissional,PROPOSTA (metadados): Relações e rede de apoio: escolhas da mulher empreendedora,P2,blocked_supadata_quota_direct_youtube_ip,not_written_blocked_transcript,PROPOSTA baseada apenas em metadados; não representa análise do vídeo nem palavra-chave validada por métricas. Família editorial proposta: networking. Comparar após transcrição com IDs kSkAb7aeD1A; consolidar se a intenção e a contribuição se repetirem; separar somente com diferença substantiva comprovada. Fonte publicada em 2025-02-04: contexto histórico; não usar a data do vídeo como data de publicação do futuro artigo.
86,Wy1l4ktOi4I,Quanto você deveria estar cobrando? | Live Diária,https://www.youtube.com/watch?v=Wy1l4ktOi4I,2025-02-03,Vendas premium,Informacional: definir investimento de ofertas,PROPOSTA (metadados): Como pensar o investimento de uma oferta premium,P1,blocked_supadata_quota_direct_youtube_ip,not_written_blocked_transcript,"PROPOSTA baseada apenas em metadados; não representa análise do vídeo nem palavra-chave validada por métricas. Família editorial proposta: investimento-confianca. Comparar após transcrição com IDs A1fI1GbKPPA, 10k6yOo7-NQ; consolidar se a intenção e a contribuição se repetirem; separar somente com diferença substantiva comprovada. Fonte publicada em 2025-02-03: contexto histórico; não usar a data do vídeo como data de publicação do futuro artigo."
87,OmzUWkc0B7E,Como atingir suas METAS | Live Diária,https://www.youtube.com/watch?v=OmzUWkc0B7E,2025-02-01,Autoconfiança e execução,Informacional: metas para empreendedoras,PROPOSTA (metadados): Metas para empreendedoras: organização e acompanhamento,P2,blocked_supadata_quota_direct_youtube_ip,not_written_blocked_transcript,PROPOSTA baseada apenas em metadados; não representa análise do vídeo nem palavra-chave validada por métricas. Família editorial proposta: metas-execucao. Sem par direto nesta família preliminar; comparar com o cluster e o acervo WordPress antes de abrir uma URL. Fonte publicada em 2025-02-01: contexto histórico; não usar a data do vídeo como data de publicação do futuro artigo.
88,3JN-W9gmNFk,"Fale bem, venda mais: suas dúvidas respondidas ao vivo",https://www.youtube.com/watch?v=3JN-W9gmNFk,2025-01-31,Comunicação e autoridade,Informacional: dúvidas sobre comunicação em vendas,PROPOSTA (metadados): Comunicação em vendas: perguntas a organizar após transcrição,P2,blocked_supadata_quota_direct_youtube_ip,not_written_blocked_transcript,PROPOSTA baseada apenas em metadados; não representa análise do vídeo nem palavra-chave validada por métricas. Família editorial proposta: comunicacao-venda. Comparar após transcrição com IDs sZPdJGo7XO8; consolidar se a intenção e a contribuição se repetirem; separar somente com diferença substantiva comprovada. Fonte publicada em 2025-01-31: contexto histórico; não usar a data do vídeo como data de publicação do futuro artigo.
89,AUOExWeGv1M,Nunca me sinto PRONTA. E agora? (papo sobre AUTOCONFIANÇA e EXECUÇÃO) | Live Diária | CLARA DO VALE,https://www.youtube.com/watch?v=AUOExWeGv1M,2025-01-29,Autoconfiança e execução,Informacional: insegurança para iniciar projetos,PROPOSTA (metadados): Não se sentir pronta: autoconfiança e início da execução,P2,blocked_supadata_quota_direct_youtube_ip,not_written_blocked_transcript,"PROPOSTA baseada apenas em metadados; não representa análise do vídeo nem palavra-chave validada por métricas. Família editorial proposta: autoconfianca. Comparar após transcrição com IDs hmNfBqrZZh0, W1c_wN1YEPs, 2S_UnwP13QI; consolidar se a intenção e a contribuição se repetirem; separar somente com diferença substantiva comprovada. Fonte publicada em 2025-01-29: contexto histórico; não usar a data do vídeo como data de publicação do futuro artigo."
90,VZHjOon2PQs,Como tirar IDEIAS do papel (e transformá-las em negócios e dinheiro) | Live Diária | CLARA DO VALE,https://www.youtube.com/watch?v=VZHjOon2PQs,2025-01-29,Autoconfiança e execução,Informacional: transformar ideias em projetos de negócio,PROPOSTA (metadados): Como tirar uma ideia de negócio do papel: decisões iniciais,P2,blocked_supadata_quota_direct_youtube_ip,not_written_blocked_transcript,"PROPOSTA baseada apenas em metadados; não representa análise do vídeo nem palavra-chave validada por métricas. Família editorial proposta: projetos. Comparar após transcrição com IDs kVgMY1KvtVg; consolidar se a intenção e a contribuição se repetirem; separar somente com diferença substantiva comprovada. Fonte publicada em 2025-01-29: contexto histórico; não usar a data do vídeo como data de publicação do futuro artigo. Auditar números, prazos, renda e absolutos do título original; não perpetuar promessa no SEO. Quantidade de lições só após conferir; valores de cases exigem prova, período e atribuição, sem generalizar."
91,hVACECvB9uQ,8 Lições que toda MULHER precisa aprender para ser feliz,https://www.youtube.com/watch?v=hVACECvB9uQ,2025-01-28,Autoconfiança e execução,Informacional: realização pessoal e trajetória feminina,PROPOSTA (metadados): Realização pessoal na trajetória feminina: aprendizados a contextualizar,P3,blocked_supadata_quota_direct_youtube_ip,not_written_blocked_transcript,"PROPOSTA baseada apenas em metadados; não representa análise do vídeo nem palavra-chave validada por métricas. Família editorial proposta: aprendizados. Comparar após transcrição com IDs u9cyAFpNX4c; consolidar se a intenção e a contribuição se repetirem; separar somente com diferença substantiva comprovada. Fonte publicada em 2025-01-28: contexto histórico; não usar a data do vídeo como data de publicação do futuro artigo. Auditar números, prazos, renda e absolutos do título original; não perpetuar promessa no SEO. Quantidade de lições só após conferir; valores de cases exigem prova, período e atribuição, sem generalizar. Aderência ao ICP condicionada: só desenvolver com aplicação verificável à mulher empreendedora; se genérico, usar como apoio de guia ou acervo institucional, sem página SEO isolada."
92,K4ezKdoK6iI,Timidez e medo da rejeição: como não se abalar,https://www.youtube.com/watch?v=K4ezKdoK6iI,2025-01-28,Comunicação e autoridade,Informacional: timidez e receio de rejeição profissional,PROPOSTA (metadados): Timidez e receio de rejeição na comunicação profissional,P3,blocked_supadata_quota_direct_youtube_ip,not_written_blocked_transcript,"PROPOSTA baseada apenas em metadados; não representa análise do vídeo nem palavra-chave validada por métricas. Família editorial proposta: timidez. Comparar após transcrição com IDs 14wlS9A55Z4; consolidar se a intenção e a contribuição se repetirem; separar somente com diferença substantiva comprovada. Fonte publicada em 2025-01-28: contexto histórico; não usar a data do vídeo como data de publicação do futuro artigo. Não diagnosticar nem converter linguagem de motivação em alegação clínica, terapêutica ou de saúde; revisão de segurança editorial."
93,dPrZy-tZZKw,Os 5 passos para qualquer mulher VENDER bem | Live Diária | CLARA DO VALE,https://www.youtube.com/watch?v=dPrZy-tZZKw,2025-01-24,Vendas premium,Informacional: habilidades de vendas para empreendedoras,PROPOSTA (metadados): Habilidades de vendas para mulheres empreendedoras,P2,blocked_supadata_quota_direct_youtube_ip,not_written_blocked_transcript,"PROPOSTA baseada apenas em metadados; não representa análise do vídeo nem palavra-chave validada por métricas. Família editorial proposta: venda-premium. Comparar após transcrição com IDs neIEnhuwFus, PqdRb27hc4I, _Nbjp7X0CTA; consolidar se a intenção e a contribuição se repetirem; separar somente com diferença substantiva comprovada. Fonte publicada em 2025-01-24: contexto histórico; não usar a data do vídeo como data de publicação do futuro artigo. Auditar números, prazos, renda e absolutos do título original; não perpetuar promessa no SEO. Quantidade de lições só após conferir; valores de cases exigem prova, período e atribuição, sem generalizar."
94,oUvEAaqVAY8,Marca Pessoal: o ativo que faz milionárias,https://www.youtube.com/watch?v=oUvEAaqVAY8,2025-01-23,Posicionamento e marca pessoal,Informacional: valor estratégico da marca pessoal,PROPOSTA (metadados): Marca pessoal como ativo: valor estratégico sem promessa de enriquecimento,P2,blocked_supadata_quota_direct_youtube_ip,not_written_blocked_transcript,"PROPOSTA baseada apenas em metadados; não representa análise do vídeo nem palavra-chave validada por métricas. Família editorial proposta: marca-memoravel. Comparar após transcrição com IDs fqLN8d8J0_U, z7dqc_jQWKw, OudXBDTowBw, CuS0u8RZNjY; consolidar se a intenção e a contribuição se repetirem; separar somente com diferença substantiva comprovada. Fonte publicada em 2025-01-23: contexto histórico; não usar a data do vídeo como data de publicação do futuro artigo. Auditar números, prazos, renda e absolutos do título original; não perpetuar promessa no SEO. Quantidade de lições só após conferir; valores de cases exigem prova, período e atribuição, sem generalizar."
95,14wlS9A55Z4,A verdade sobre timidez que ninguém fala,https://www.youtube.com/watch?v=14wlS9A55Z4,2025-01-23,Comunicação e autoridade,Informacional: timidez na exposição profissional,PROPOSTA (metadados): Timidez na exposição profissional: uma pauta sem diagnóstico,P3,blocked_supadata_quota_direct_youtube_ip,not_written_blocked_transcript,"PROPOSTA baseada apenas em metadados; não representa análise do vídeo nem palavra-chave validada por métricas. Família editorial proposta: timidez. Comparar após transcrição com IDs K4ezKdoK6iI; consolidar se a intenção e a contribuição se repetirem; separar somente com diferença substantiva comprovada. Fonte publicada em 2025-01-23: contexto histórico; não usar a data do vídeo como data de publicação do futuro artigo. Não diagnosticar nem converter linguagem de motivação em alegação clínica, terapêutica ou de saúde; revisão de segurança editorial."
96,2S_UnwP13QI,Por que mulheres com autoestima forte realizam mais?,https://www.youtube.com/watch?v=2S_UnwP13QI,2025-01-21,Autoconfiança e execução,Informacional: autoestima e execução profissional,PROPOSTA (metadados): Autoestima e execução profissional: relação a abordar sem causalidade presumida,P3,blocked_supadata_quota_direct_youtube_ip,not_written_blocked_transcript,"PROPOSTA baseada apenas em metadados; não representa análise do vídeo nem palavra-chave validada por métricas. Família editorial proposta: autoconfianca. Comparar após transcrição com IDs hmNfBqrZZh0, W1c_wN1YEPs, AUOExWeGv1M; consolidar se a intenção e a contribuição se repetirem; separar somente com diferença substantiva comprovada. Fonte publicada em 2025-01-21: contexto histórico; não usar a data do vídeo como data de publicação do futuro artigo. Não diagnosticar nem converter linguagem de motivação em alegação clínica, terapêutica ou de saúde; revisão de segurança editorial."
97,jMzXLcgC7hY,Como RECOMEÇAR bem? (energia de começo x energia de velocidade) | Live Diária | CLARA DO VALE,https://www.youtube.com/watch?v=jMzXLcgC7hY,2025-01-20,Autoconfiança e execução,Informacional: recomeçar projetos profissionais,PROPOSTA (metadados): Recomeço profissional: organizar prioridades e continuidade,P2,blocked_supadata_quota_direct_youtube_ip,not_written_blocked_transcript,"PROPOSTA baseada apenas em metadados; não representa análise do vídeo nem palavra-chave validada por métricas. Família editorial proposta: mudanca. Comparar após transcrição com IDs efuxQa4fgYM, 2_SCYwfwkh0, lAEjlWxoxvw, 5SMKxdXS9GE; consolidar se a intenção e a contribuição se repetirem; separar somente com diferença substantiva comprovada. Fonte publicada em 2025-01-20: contexto histórico; não usar a data do vídeo como data de publicação do futuro artigo."
98,_dXsC_dObHk,Pare de esperar pelos outros e comece a agir,https://www.youtube.com/watch?v=_dXsC_dObHk,2024-10-06,Autoconfiança e execução,Informacional: autonomia para executar projetos,PROPOSTA (metadados): Autonomia para agir: uma pauta sobre execução profissional,P2,blocked_supadata_quota_direct_youtube_ip,not_written_blocked_transcript,"PROPOSTA baseada apenas em metadados; não representa análise do vídeo nem palavra-chave validada por métricas. Família editorial proposta: execucao. Comparar após transcrição com IDs yvIx-zepAQU, ZN4tIiAlN6E; consolidar se a intenção e a contribuição se repetirem; separar somente com diferença substantiva comprovada."
99,tbuDA_fkpZ0,Manifesto | Quanto poder você gostaria de ter para mudar a sua realidade?,https://www.youtube.com/watch?v=tbuDA_fkpZ0,2024-09-22,Autoconfiança e execução,Navegacional/institucional: manifesto de Clara do Vale,PROPOSTA (metadados): Manifesto de Clara do Vale: contexto da visão de transformação pessoal,P3,blocked_supadata_quota_direct_youtube_ip,not_written_blocked_transcript,"PROPOSTA baseada apenas em metadados; não representa análise do vídeo nem palavra-chave validada por métricas. Família editorial proposta: manifesto. Sem par direto nesta família preliminar; comparar com o cluster e o acervo WordPress antes de abrir uma URL. Aderência ao ICP condicionada: só desenvolver com aplicação verificável à mulher empreendedora; se genérico, usar como apoio de guia ou acervo institucional, sem página SEO isolada. Intenção institucional: avaliar incorporação à página Sobre ou manifesto; não fabricar consulta informacional para justificar artigo indexável."
100,ZN4tIiAlN6E,Você só vai parar de procrastinar quando entender isso,https://www.youtube.com/watch?v=ZN4tIiAlN6E,2024-09-01,Autoconfiança e execução,Informacional: procrastinação no trabalho,PROPOSTA (metadados): Procrastinação no trabalho: perguntas sobre execução sem diagnóstico,P3,blocked_supadata_quota_direct_youtube_ip,not_written_blocked_transcript,"PROPOSTA baseada apenas em metadados; não representa análise do vídeo nem palavra-chave validada por métricas. Família editorial proposta: execucao. Comparar após transcrição com IDs yvIx-zepAQU, _dXsC_dObHk; consolidar se a intenção e a contribuição se repetirem; separar somente com diferença substantiva comprovada. Não diagnosticar nem converter linguagem de motivação em alegação clínica, terapêutica ou de saúde; revisão de segurança editorial."
